node,train_mask,val_mask,test_mask,label,is_anchor
6,1,0,0,0,1
2,1,0,0,0,1
5,0,0,1,0,0
1,1,0,0,0,1
15,1,0,0,0,0
4,0,0,1,0,1
3,1,0,0,0,1
13,1,0,0,0,1
16,1,0,0,0,0
10,1,0,0,0,1
7,0,1,0,0,1
21,0,0,1,0,1
20,0,1,0,0,1
8,1,0,0,0,1
17,0,1,0,0,1
23,0,0,1,0,1
25,0,0,1,0,1
26,1,0,0,0,0
28,1,0,0,0,0
29,0,1,0,0,0
31,1,0,0,0,0
32,0,0,1,0,0
34,1,0,0,0,0
35,0,0,1,0,1
36,1,0,0,0,0
37,0,0,1,0,0
44,0,0,1,0,0
39,1,0,0,0,1
45,0,1,0,0,1
19,1,0,0,0,1
46,1,0,0,0,0
47,1,0,0,0,0
51,0,0,1,0,0
52,0,0,1,0,0
53,0,1,0,0,0
54,1,0,0,0,1
41,0,0,1,0,1
55,0,1,0,0,0
57,1,0,0,0,1
61,1,0,0,0,1
65,0,0,1,0,0
56,1,0,0,0,0
66,1,0,0,0,0
69,0,1,0,0,0
70,1,0,0,0,0
71,0,0,1,0,0
72,1,0,0,0,1
74,1,0,0,0,0
75,1,0,0,0,0
68,0,1,0,0,0
64,1,0,0,0,1
76,1,0,0,0,0
77,0,1,0,0,1
78,1,0,0,0,1
60,1,0,0,0,1
79,1,0,0,0,0
80,0,1,0,0,0
81,0,0,1,0,0
62,1,0,0,1,1
83,1,0,0,0,0
104,1,0,0,0,0
86,1,0,0,0,0
87,1,0,0,0,0
89,1,0,0,0,0
94,0,0,1,0,0
95,0,0,1,0,0
96,1,0,0,0,0
97,1,0,0,0,0
99,1,0,0,0,0
88,1,0,0,0,1
101,1,0,0,0,0
100,1,0,0,0,0
103,1,0,0,0,0
105,1,0,0,0,0
106,0,0,1,0,0
107,1,0,0,0,0
108,1,0,0,0,0
109,0,0,1,0,1
110,1,0,0,0,0
111,1,0,0,0,0
112,1,0,0,0,0
115,1,0,0,0,0
114,0,1,0,0,0
119,1,0,0,0,0
122,0,0,1,0,0
127,0,1,0,0,0
129,1,0,0,0,0
116,1,0,0,0,0
131,0,1,0,0,0
132,1,0,0,0,1
133,0,0,1,0,0
113,1,0,0,0,1
125,0,1,0,0,0
135,0,0,1,0,1
134,1,0,0,0,1
137,1,0,0,0,0
138,0,0,1,0,0
140,0,0,1,0,0
141,0,0,1,0,0
139,1,0,0,0,0
142,0,1,0,0,0
143,0,0,1,0,1
144,1,0,0,0,1
145,1,0,0,0,0
146,1,0,0,0,0
147,1,0,0,0,0
148,1,0,0,0,0
93,0,0,1,0,1
149,0,0,1,0,1
150,0,0,1,0,0
152,1,0,0,0,0
153,0,1,0,0,0
154,1,0,0,0,0
155,0,1,0,0,0
156,0,1,0,0,0
157,1,0,0,0,0
158,1,0,0,0,0
160,0,1,0,0,0
161,0,1,0,0,0
162,1,0,0,0,0
163,1,0,0,0,0
165,1,0,0,0,0
166,0,1,0,0,0
167,1,0,0,0,1
168,1,0,0,0,0
169,0,0,1,0,0
170,1,0,0,0,0
171,1,0,0,0,0
172,0,0,1,0,0
173,0,1,0,0,0
174,1,0,0,0,0
175,0,0,1,0,0
176,0,0,1,0,0
177,1,0,0,0,0
178,0,1,0,0,1
179,0,1,0,0,0
180,1,0,0,0,0
181,1,0,0,0,0
159,1,0,0,0,0
182,0,0,1,0,0
183,1,0,0,0,0
184,1,0,0,0,0
185,1,0,0,0,0
186,1,0,0,0,0
187,0,0,1,0,0
33,1,0,0,0,1
188,0,1,0,0,0
189,1,0,0,0,0
190,1,0,0,0,0
191,1,0,0,0,0
192,1,0,0,0,0
193,1,0,0,0,0
194,0,0,1,0,0
195,1,0,0,0,0
196,0,1,0,0,0
198,0,0,1,0,1
199,0,0,1,0,0
200,1,0,0,0,0
201,1,0,0,0,0
202,1,0,0,0,1
203,0,1,0,0,0
204,0,1,0,1,1
205,1,0,0,0,0
206,1,0,0,0,0
207,1,0,0,0,0
209,0,1,0,0,0
210,0,0,1,0,0
120,1,0,0,0,1
211,0,1,0,0,0
212,0,0,1,0,0
213,1,0,0,0,0
214,1,0,0,0,0
215,0,1,0,0,1
216,1,0,0,0,0
217,1,0,0,0,0
218,1,0,0,0,0
219,1,0,0,0,0
220,1,0,0,0,0
223,1,0,0,0,1
224,1,0,0,0,0
225,0,0,1,0,0
227,1,0,0,0,0
228,0,1,0,0,0
230,1,0,0,0,0
231,0,0,1,0,0
232,1,0,0,0,0
233,1,0,0,0,0
208,0,0,1,0,0
234,1,0,0,0,0
235,1,0,0,0,1
222,0,1,0,0,0
236,0,1,0,0,0
237,1,0,0,0,0
238,1,0,0,0,0
239,1,0,0,0,0
240,0,1,0,0,0
241,1,0,0,0,0
242,1,0,0,0,1
244,0,1,0,0,0
164,0,1,0,0,1
245,0,1,0,0,1
246,0,1,0,0,0
247,1,0,0,0,0
248,0,0,1,0,0
250,1,0,0,0,0
251,1,0,0,0,0
249,0,0,1,0,0
243,1,0,0,0,1
252,0,0,1,0,0
253,1,0,0,0,0
255,1,0,0,0,0
256,1,0,0,0,0
257,1,0,0,0,1
258,0,0,1,0,0
259,1,0,0,0,0
260,1,0,0,0,0
261,1,0,0,0,0
262,1,0,0,0,0
263,1,0,0,0,0
264,1,0,0,0,0
265,1,0,0,0,0
266,1,0,0,0,0
267,1,0,0,0,0
268,1,0,0,0,0
229,1,0,0,0,0
221,0,0,1,0,0
269,1,0,0,0,0
271,1,0,0,0,0
272,0,0,1,0,1
273,1,0,0,0,0
274,1,0,0,0,0
275,1,0,0,0,0
276,0,0,1,0,0
270,1,0,0,0,1
277,1,0,0,0,0
279,1,0,0,0,0
278,1,0,0,0,0
280,1,0,0,0,0
281,1,0,0,0,0
282,1,0,0,0,0
283,1,0,0,0,0
284,0,1,0,0,0
285,0,0,1,0,0
286,1,0,0,0,0
287,0,0,1,0,0
288,0,1,0,0,0
290,0,1,0,0,0
291,0,0,1,0,0
292,1,0,0,0,0
293,1,0,0,0,0
294,1,0,0,0,0
295,0,1,0,0,0
296,1,0,0,0,0
297,1,0,0,0,0
298,0,1,0,0,0
299,1,0,0,0,0
301,0,0,1,0,0
302,0,1,0,0,0
303,0,0,1,0,0
304,1,0,0,0,1
254,0,1,0,0,0
305,1,0,0,0,0
306,0,0,1,0,0
307,1,0,0,0,0
308,0,1,0,0,1
309,1,0,0,0,0
310,0,0,1,1,1
311,1,0,0,0,0
312,1,0,0,0,0
314,0,1,0,0,0
313,1,0,0,0,0
315,1,0,0,0,0
316,1,0,0,0,0
317,0,1,0,0,0
318,1,0,0,0,0
319,1,0,0,0,1
320,0,1,0,0,0
322,1,0,0,0,0
323,0,0,1,0,0
324,1,0,0,0,0
325,0,0,1,0,0
326,1,0,0,0,0
321,1,0,0,0,0
327,0,1,0,0,0
328,1,0,0,0,0
329,0,0,1,0,0
334,1,0,0,0,0
338,0,0,1,0,0
345,0,1,0,0,0
346,1,0,0,0,0
289,1,0,0,0,0
347,0,0,1,0,0
349,1,0,0,0,0
340,1,0,0,0,0
336,1,0,0,0,0
350,1,0,0,0,0
352,0,0,1,0,0
353,1,0,0,0,1
354,1,0,0,0,0
355,1,0,0,0,0
356,0,0,1,0,0
357,1,0,0,0,0
359,0,0,1,0,0
339,1,0,0,0,0
360,1,0,0,0,0
366,0,1,0,0,0
367,0,0,1,0,0
368,1,0,0,0,0
358,0,1,0,0,0
370,1,0,0,0,0
371,0,0,1,0,0
372,1,0,0,0,0
363,0,1,0,0,0
375,1,0,0,0,0
377,0,0,1,0,0
374,0,1,0,0,0
378,1,0,0,0,0
379,0,1,0,0,0
380,0,1,0,0,0
382,0,1,0,0,0
383,1,0,0,0,0
384,1,0,0,0,1
385,0,1,0,0,0
386,1,0,0,0,0
348,0,0,1,0,0
387,1,0,0,0,0
388,1,0,0,0,0
389,1,0,0,0,0
390,1,0,0,0,0
391,1,0,0,0,0
392,1,0,0,0,0
330,1,0,0,0,1
351,1,0,0,0,0
393,1,0,0,0,0
342,1,0,0,0,0
395,1,0,0,0,0
396,1,0,0,0,0
397,1,0,0,0,0
399,0,0,1,0,0
400,0,1,0,0,0
401,1,0,0,0,0
402,1,0,0,0,0
403,1,0,0,0,0
404,1,0,0,0,0
405,1,0,0,0,0
406,0,0,1,0,0
407,1,0,0,0,0
408,1,0,0,0,0
409,1,0,0,0,0
410,1,0,0,0,0
411,1,0,0,0,0
412,0,1,0,0,0
414,1,0,0,0,0
415,0,0,1,0,1
418,1,0,0,0,0
300,1,0,0,0,0
421,1,0,0,0,0
423,0,0,1,1,1
333,0,1,0,0,0
341,1,0,0,0,0
427,0,0,1,0,0
428,1,0,0,0,0
429,1,0,0,0,0
332,0,1,0,0,0
394,0,1,0,0,0
430,0,1,0,0,0
432,0,0,1,0,0
433,1,0,0,0,0
434,1,0,0,0,0
435,1,0,0,0,0
436,0,0,1,0,0
437,1,0,0,0,0
438,1,0,0,0,0
439,0,0,1,0,0
441,1,0,0,0,0
442,1,0,0,0,0
443,1,0,0,0,0
440,1,0,0,0,0
444,1,0,0,0,0
445,1,0,0,0,0
446,1,0,0,0,0
365,0,1,0,0,0
448,0,0,1,0,0
449,1,0,0,0,0
431,1,0,0,0,0
450,0,1,0,0,0
451,0,0,1,0,0
452,0,0,1,0,0
453,1,0,0,0,0
454,1,0,0,0,0
455,1,0,0,0,0
456,1,0,0,0,0
457,0,0,1,0,0
416,1,0,0,0,0
458,0,1,0,0,0
459,1,0,0,0,0
460,1,0,0,0,0
464,1,0,0,0,0
465,1,0,0,0,0
466,0,0,1,0,0
467,0,0,1,0,0
468,1,0,0,0,0
463,1,0,0,0,0
469,1,0,0,0,0
462,1,0,0,0,0
470,1,0,0,0,0
471,1,0,0,0,0
472,1,0,0,0,0
473,1,0,0,0,0
369,1,0,0,0,0
425,1,0,0,0,1
417,0,0,1,0,1
475,0,0,1,0,0
476,1,0,0,0,0
197,0,1,0,0,1
477,1,0,0,0,0
478,1,0,0,0,0
424,1,0,0,0,0
479,0,1,0,0,0
376,1,0,0,0,0
373,0,1,0,0,0
420,1,0,0,0,0
480,1,0,0,0,0
398,1,0,0,0,0
481,0,1,0,0,0
482,1,0,0,0,0
483,0,0,1,0,0
484,1,0,0,0,0
485,1,0,0,0,0
486,0,1,0,0,0
487,1,0,0,0,0
488,1,0,0,0,0
489,0,1,0,0,0
490,1,0,0,0,1
492,1,0,0,0,0
493,0,1,0,0,0
494,1,0,0,0,0
447,0,0,1,0,0
495,1,0,0,0,0
496,1,0,0,0,0
497,1,0,0,0,0
499,1,0,0,0,0
500,1,0,0,0,0
501,0,0,1,0,0
502,1,0,0,0,0
491,1,0,0,0,0
503,1,0,0,0,0
504,1,0,0,0,0
505,0,0,1,0,0
506,1,0,0,0,0
498,1,0,0,0,0
507,1,0,0,0,0
331,1,0,0,0,0
508,0,0,1,0,0
509,1,0,0,0,0
510,1,0,0,0,0
511,0,0,1,0,0
512,1,0,0,0,0
513,1,0,0,0,0
514,0,1,0,0,0
515,1,0,0,0,0
516,1,0,0,0,0
517,1,0,0,0,0
422,0,1,0,0,0
518,1,0,0,0,0
337,0,1,0,0,0
519,0,0,1,0,0
520,0,0,1,0,0
381,0,1,0,0,0
521,1,0,0,0,0
362,1,0,0,0,0
522,1,0,0,0,0
523,1,0,0,0,0
524,0,0,1,0,0
364,0,0,1,0,0
413,1,0,0,0,0
525,1,0,0,0,0
361,0,1,0,0,0
526,1,0,0,0,0
527,1,0,0,0,0
529,1,0,0,0,0
530,0,0,1,0,0
531,0,0,1,0,0
532,0,1,0,0,0
533,1,0,0,0,0
534,1,0,0,0,1
535,0,1,0,0,0
536,1,0,0,0,0
537,0,1,0,0,1
538,0,1,0,0,0
539,1,0,0,0,0
540,0,0,1,0,0
541,0,0,1,0,0
419,1,0,0,0,0
542,1,0,0,0,0
335,0,1,0,0,0
543,0,1,0,0,0
544,1,0,0,0,0
545,1,0,0,0,0
546,0,0,1,0,0
547,0,1,0,0,0
548,1,0,0,0,0
549,1,0,0,0,0
426,1,0,0,0,0
550,1,0,0,0,0
552,1,0,0,0,0
553,0,0,1,0,0
554,1,0,0,0,0
555,1,0,0,0,0
556,0,0,1,0,0
557,1,0,0,0,0
558,0,1,0,0,0
559,0,0,1,0,0
560,0,1,0,0,0
561,0,0,1,0,0
562,0,0,1,0,0
563,1,0,0,0,0
564,1,0,0,0,0
565,0,1,0,0,0
566,1,0,0,0,0
551,0,1,0,0,0
567,1,0,0,0,0
569,1,0,0,0,0
570,1,0,0,0,0
571,1,0,0,0,0
572,1,0,0,0,0
573,1,0,0,0,0
575,0,1,0,0,0
474,1,0,0,0,0
577,0,1,0,0,0
578,0,1,0,0,0
528,1,0,0,0,0
580,1,0,0,0,0
581,1,0,0,0,0
582,0,0,1,0,0
583,0,0,1,0,0
584,0,0,1,0,0
585,0,0,1,0,0
586,1,0,0,0,0
587,1,0,0,0,0
589,0,1,0,0,0
590,0,1,0,0,0
592,1,0,0,0,0
579,1,0,0,0,0
343,1,0,0,0,0
594,0,0,1,1,1
595,1,0,0,0,0
596,0,1,0,0,0
597,1,0,0,0,0
588,1,0,0,0,0
598,0,1,0,0,0
599,1,0,0,0,0
600,1,0,0,0,0
601,1,0,0,0,0
602,1,0,0,0,0
603,1,0,0,0,0
604,1,0,0,0,0
591,0,1,0,0,0
605,1,0,0,0,0
606,0,0,1,0,0
607,1,0,0,0,0
608,0,0,1,0,0
609,1,0,0,0,0
610,0,0,1,0,0
611,1,0,0,0,0
612,1,0,0,0,0
613,0,0,1,0,0
614,0,0,1,0,0
615,1,0,0,0,0
617,0,0,1,0,0
618,1,0,0,0,0
619,0,0,1,0,0
620,1,0,0,0,0
621,1,0,0,0,0
622,1,0,0,0,0
623,1,0,0,0,0
616,1,0,0,0,0
593,0,0,1,0,0
624,0,1,0,0,0
625,1,0,0,0,0
626,1,0,0,0,0
628,1,0,0,0,0
629,0,1,0,0,0
630,1,0,0,0,0
631,1,0,0,0,0
627,0,0,1,0,0
632,1,0,0,0,0
633,1,0,0,0,0
634,1,0,0,0,0
635,1,0,0,0,0
636,1,0,0,0,0
637,1,0,0,0,0
638,1,0,0,0,0
639,0,1,0,0,0
344,1,0,0,0,0
642,1,0,0,0,0
643,1,0,0,0,0
644,0,1,0,0,0
647,1,0,0,0,0
648,1,0,0,0,0
649,0,0,1,0,0
650,1,0,0,0,0
651,1,0,0,0,0
652,0,0,1,0,0
653,0,0,1,0,0
654,1,0,0,0,0
655,1,0,0,0,0
656,0,0,1,0,0
658,0,1,0,0,0
660,1,0,0,0,0
661,0,1,0,0,0
662,1,0,0,0,0
663,0,1,0,0,0
664,0,0,1,0,0
574,0,1,0,0,0
659,1,0,0,0,0
665,0,1,0,0,0
666,1,0,0,0,0
667,0,1,0,0,0
668,0,1,0,0,0
670,0,0,1,0,0
671,1,0,0,0,0
672,0,1,0,1,1
674,1,0,0,0,0
675,0,0,1,0,0
676,1,0,0,0,0
677,1,0,0,0,0
678,1,0,0,0,0
679,1,0,0,0,0
680,1,0,0,0,0
681,1,0,0,0,0
682,0,0,1,0,0
669,0,0,1,0,0
684,0,0,1,0,0
685,0,0,1,0,0
686,0,0,1,0,0
687,1,0,0,0,0
688,0,1,0,0,0
689,1,0,0,0,0
690,0,0,1,0,0
691,1,0,0,0,0
692,1,0,0,0,0
693,0,1,0,0,0
694,0,1,0,0,0
695,1,0,0,0,0
696,1,0,0,0,0
683,0,1,0,0,0
646,1,0,0,0,0
698,1,0,0,0,0
697,1,0,0,0,0
699,1,0,0,0,0
700,0,1,0,0,0
701,0,1,0,0,0
702,1,0,0,0,0
703,1,0,0,0,0
641,1,0,0,0,0
705,1,0,0,0,0
706,1,0,0,0,0
708,1,0,0,0,1
707,0,0,1,0,0
704,1,0,0,0,0
709,1,0,0,0,0
710,0,0,1,0,0
711,1,0,0,0,0
712,0,1,0,0,0
714,0,1,0,0,0
717,1,0,0,0,0
718,0,1,0,0,0
719,0,0,1,0,0
720,1,0,0,0,0
721,0,0,1,0,0
722,1,0,0,0,0
723,1,0,0,0,0
724,1,0,0,0,0
725,1,0,0,0,0
726,0,0,1,0,0
727,0,0,1,0,0
640,1,0,0,0,0
728,1,0,0,0,0
730,0,1,0,0,1
729,0,1,0,0,0
715,0,0,1,0,0
731,0,1,0,0,0
732,1,0,0,0,0
733,1,0,0,0,0
734,0,1,0,0,0
735,1,0,0,0,0
736,1,0,0,0,0
737,1,0,0,0,0
738,1,0,0,0,0
673,0,1,0,0,0
716,1,0,0,0,0
739,0,1,0,0,0
740,0,0,1,0,0
741,1,0,0,0,0
742,1,0,0,0,0
743,1,0,0,0,0
744,0,1,0,0,0
745,1,0,0,0,0
746,0,1,0,0,0
747,1,0,0,0,0
748,1,0,0,0,0
749,0,0,1,0,0
750,1,0,0,0,0
751,0,1,0,0,0
576,1,0,0,0,0
752,1,0,0,0,0
753,1,0,0,0,0
754,1,0,0,0,0
755,1,0,0,0,0
756,0,0,1,0,0
757,0,1,0,0,0
758,1,0,0,0,0
759,1,0,0,0,0
761,0,0,1,0,0
763,1,0,0,0,0
657,1,0,0,0,0
764,0,0,1,0,0
765,1,0,0,0,0
766,1,0,0,0,0
767,1,0,0,0,0
768,1,0,0,0,0
769,0,0,1,0,0
770,0,1,0,0,0
772,1,0,0,0,0
773,1,0,0,0,0
774,0,0,1,0,0
775,1,0,0,0,0
776,1,0,0,0,0
777,1,0,0,0,0
760,1,0,0,0,0
778,1,0,0,0,0
779,1,0,0,0,1
780,1,0,0,0,0
781,0,1,0,0,0
782,0,1,0,0,0
783,1,0,0,0,0
784,1,0,0,0,0
785,0,0,1,0,0
786,1,0,0,0,0
787,0,1,0,1,1
788,1,0,0,0,0
789,0,0,1,0,0
790,0,0,1,0,0
791,1,0,0,0,0
792,1,0,0,0,0
793,1,0,0,0,0
794,1,0,0,0,0
795,0,1,0,0,0
796,1,0,0,0,0
797,1,0,0,0,0
798,0,1,0,0,0
799,0,0,1,0,0
800,1,0,0,0,0
801,0,0,1,0,0
802,0,1,0,0,0
803,1,0,0,0,0
804,1,0,0,0,0
805,0,1,0,0,0
806,0,0,1,0,0
808,0,0,1,0,0
762,1,0,0,0,0
809,1,0,0,0,0
810,0,1,0,0,0
811,1,0,0,0,0
812,1,0,0,0,0
813,1,0,0,0,0
814,1,0,0,0,0
815,1,0,0,0,0
816,1,0,0,0,0
817,0,1,0,0,0
818,1,0,0,0,0
819,0,0,1,0,0
820,0,0,1,0,0
821,1,0,0,0,0
823,1,0,0,0,0
9,1,0,0,0,0
824,1,0,0,0,0
826,0,0,1,0,0
827,0,0,1,0,0
828,0,0,1,0,0
829,1,0,0,0,0
830,0,0,1,0,0
831,0,1,0,0,0
833,0,1,0,0,0
834,1,0,0,0,0
835,1,0,0,0,0
836,0,1,0,0,0
837,1,0,0,0,0
838,1,0,0,0,0
839,1,0,0,0,0
840,1,0,0,0,0
832,1,0,0,1,1
841,1,0,0,0,0
842,1,0,0,0,0
843,0,0,1,0,0
844,1,0,0,0,0
845,1,0,0,0,0
846,1,0,0,0,0
847,0,1,0,0,0
848,1,0,0,0,0
849,0,1,0,0,0
850,0,1,0,0,0
851,1,0,0,0,0
852,0,1,0,0,0
853,1,0,0,0,0
854,1,0,0,0,0
855,1,0,0,0,0
856,1,0,0,0,1
857,1,0,0,0,0
858,1,0,0,0,0
859,1,0,0,0,0
860,1,0,0,0,0
861,0,1,0,0,0
862,1,0,0,0,0
863,0,0,1,0,0
864,0,0,1,0,0
771,1,0,0,0,0
865,0,0,1,0,0
866,1,0,0,0,0
867,1,0,0,0,0
868,1,0,0,0,0
869,0,0,1,0,0
870,0,0,1,0,0
871,1,0,0,0,0
872,1,0,0,0,0
873,0,0,1,0,0
874,1,0,0,0,0
875,1,0,0,0,0
876,1,0,0,0,0
877,1,0,0,0,0
878,0,0,1,0,0
879,1,0,0,0,0
880,1,0,0,0,0
883,0,1,0,0,0
882,1,0,0,0,0
884,0,0,1,0,0
886,1,0,0,0,0
887,1,0,0,0,0
888,1,0,0,0,0
890,1,0,0,0,0
891,1,0,0,0,0
892,1,0,0,0,0
893,1,0,0,0,0
822,1,0,0,0,0
894,0,1,0,0,0
895,1,0,0,0,0
896,1,0,0,0,0
897,0,0,1,0,0
898,1,0,0,0,0
899,0,0,1,0,0
900,0,1,0,0,0
901,1,0,0,0,0
902,1,0,0,0,0
903,0,1,0,0,0
904,0,0,1,0,0
906,1,0,0,1,1
907,0,1,0,0,0
908,1,0,0,0,1
910,0,0,1,0,0
911,1,0,0,0,0
912,0,0,1,0,0
913,0,1,0,0,0
909,0,0,1,0,0
914,1,0,0,0,0
915,0,1,0,0,0
916,0,1,0,0,0
917,1,0,0,0,0
918,1,0,0,0,0
919,1,0,0,0,0
920,1,0,0,0,0
921,0,1,0,0,0
922,0,1,0,0,0
924,1,0,0,0,0
925,0,0,1,0,0
926,1,0,0,0,0
927,1,0,0,0,0
928,1,0,0,0,0
929,1,0,0,0,0
930,1,0,0,0,0
931,1,0,0,0,0
933,1,0,0,0,0
934,0,1,0,0,0
936,1,0,0,0,0
937,1,0,0,0,0
885,1,0,0,0,0
938,0,1,0,0,0
923,1,0,0,0,0
939,1,0,0,0,0
940,1,0,0,0,0
942,0,1,0,0,0
943,1,0,0,0,0
944,1,0,0,0,0
946,0,0,1,0,0
947,1,0,0,0,0
889,1,0,0,0,0
941,1,0,0,0,0
948,0,0,1,0,0
949,0,1,0,0,0
950,0,1,0,0,0
951,1,0,0,0,0
952,1,0,0,0,0
954,1,0,0,0,0
932,1,0,0,0,0
955,0,0,1,0,0
956,1,0,0,0,0
957,1,0,0,0,0
959,1,0,0,0,0
960,0,1,0,0,0
961,1,0,0,0,0
963,0,0,1,0,0
964,1,0,0,0,0
966,1,0,0,0,0
967,0,0,1,0,0
968,0,1,0,0,0
935,0,1,0,0,0
965,1,0,0,0,0
969,1,0,0,0,0
825,0,0,1,0,0
970,1,0,0,0,0
971,1,0,0,0,0
972,0,1,0,0,0
973,1,0,0,0,0
974,1,0,0,0,0
975,1,0,0,0,0
976,1,0,0,0,0
977,0,0,1,0,0
953,1,0,0,0,0
978,1,0,0,0,0
979,0,0,1,0,0
980,1,0,0,0,0
981,1,0,0,0,0
982,0,1,0,0,0
983,0,0,1,0,0
984,1,0,0,0,0
985,0,1,0,0,0
986,1,0,0,0,0
987,1,0,0,0,0
988,1,0,0,0,0
989,0,0,1,0,0
990,1,0,0,0,0
991,1,0,0,0,0
993,1,0,0,0,0
994,1,0,0,0,0
995,0,0,1,0,0
905,1,0,0,1,1
996,0,1,0,0,0
997,0,1,0,0,0
999,0,1,0,0,0
1000,1,0,0,0,0
1001,1,0,0,0,0
1002,1,0,0,0,0
1003,1,0,0,0,0
1004,0,0,1,0,0
998,1,0,0,0,0
1006,1,0,0,0,0
1007,1,0,0,0,0
1008,1,0,0,0,0
1009,0,0,1,0,0
1010,0,0,1,0,0
1011,1,0,0,0,0
1012,0,0,1,0,0
1013,0,0,1,0,0
1015,1,0,0,0,0
1016,0,0,1,0,0
1017,1,0,0,0,0
807,0,1,0,0,0
1018,1,0,0,0,1
1019,0,0,1,0,0
1020,0,0,1,0,0
1021,1,0,0,0,0
1022,1,0,0,0,0
1023,1,0,0,0,0
1024,0,1,0,0,0
1025,1,0,0,0,0
1026,0,1,0,0,0
1027,0,0,1,0,0
1028,1,0,0,0,0
1029,0,1,0,0,0
1030,1,0,0,0,0
1031,1,0,0,0,0
1032,0,0,1,0,0
1033,1,0,0,0,0
1034,1,0,0,0,0
1035,1,0,0,0,0
1036,0,0,1,0,0
1037,0,1,0,0,0
1038,0,0,1,0,0
1039,1,0,0,0,0
1005,1,0,0,0,0
1040,1,0,0,0,0
1041,0,1,0,0,0
1042,1,0,0,0,0
962,1,0,0,0,0
1044,1,0,0,0,0
1045,1,0,0,0,0
1046,1,0,0,0,1
1047,1,0,0,0,0
1048,0,0,1,0,0
1049,0,0,1,0,0
1050,0,0,1,0,0
1051,0,0,1,0,0
1052,1,0,0,0,0
1053,0,0,1,0,1
1054,1,0,0,0,0
1055,1,0,0,0,0
1056,0,1,0,0,0
1057,1,0,0,0,0
1014,0,0,1,0,0
1043,0,0,1,0,0
1058,1,0,0,0,0
1059,0,1,0,0,0
1060,1,0,0,0,0
1061,1,0,0,0,0
1062,1,0,0,0,0
1063,1,0,0,0,0
958,1,0,0,0,0
1065,1,0,0,0,0
1066,0,0,1,0,0
992,1,0,0,0,0
1068,1,0,0,0,0
1069,0,0,1,0,0
1070,0,1,0,0,0
1071,1,0,0,0,0
1073,1,0,0,0,0
1074,0,1,0,0,0
1075,0,1,0,0,0
1076,1,0,0,0,0
1077,1,0,0,0,0
1078,1,0,0,0,0
1079,1,0,0,0,0
1080,1,0,0,0,0
1081,1,0,0,0,0
1082,0,1,0,0,0
1083,0,1,0,0,0
1084,0,1,0,0,0
1085,1,0,0,0,0
1086,0,1,0,0,0
1087,1,0,0,0,0
1088,1,0,0,0,0
1089,1,0,0,0,0
1072,1,0,0,0,0
1090,1,0,0,0,0
1091,1,0,0,0,0
1092,0,1,0,0,0
1093,0,1,0,0,0
1094,1,0,0,0,0
1095,1,0,0,0,0
1096,1,0,0,0,0
1097,0,0,1,0,0
1100,1,0,0,0,0
1098,0,1,0,0,1
881,1,0,0,0,0
1099,1,0,0,0,0
1101,1,0,0,0,0
1102,0,1,0,0,0
1103,1,0,0,0,0
1104,1,0,0,0,0
1105,1,0,0,0,0
1106,0,1,0,0,0
1107,1,0,0,0,0
1108,0,1,0,0,0
461,1,0,0,0,0
1109,1,0,0,0,0
1110,1,0,0,0,0
1111,1,0,0,0,0
1112,1,0,0,0,0
1113,1,0,0,0,0
1114,0,0,1,0,0
1116,1,0,0,0,0
1117,1,0,0,0,0
1118,0,1,0,0,0
1119,1,0,0,0,0
1120,1,0,0,0,0
1121,1,0,0,0,0
1122,1,0,0,0,0
1123,0,0,1,0,0
1124,1,0,0,0,0
1125,1,0,0,0,0
1126,1,0,0,0,0
1127,1,0,0,0,0
1128,1,0,0,0,0
1129,1,0,0,0,0
1130,1,0,0,0,0
1132,1,0,0,0,0
1133,0,1,0,0,0
1134,1,0,0,0,0
1136,1,0,0,0,0
1137,0,1,0,0,0
1138,1,0,0,0,0
1139,0,1,0,0,0
1140,1,0,0,0,0
1141,1,0,0,0,0
1142,1,0,0,0,0
1143,0,1,0,0,0
1144,1,0,0,0,0
1145,1,0,0,0,0
1146,1,0,0,0,0
1147,1,0,0,0,0
1135,0,0,1,0,0
1148,0,0,1,0,0
1149,0,1,0,0,0
1150,0,0,1,0,0
1151,1,0,0,0,0
1152,1,0,0,0,0
1067,0,0,1,0,0
1153,1,0,0,0,0
945,0,0,1,0,0
1154,0,0,1,0,0
1155,1,0,0,0,0
1156,1,0,0,0,0
1157,1,0,0,0,0
1158,1,0,0,0,0
1159,1,0,0,0,0
1160,1,0,0,0,0
1161,1,0,0,0,0
1162,1,0,0,0,0
1163,0,1,0,0,0
1164,1,0,0,0,0
1165,0,1,0,0,0
1166,1,0,0,0,0
1167,1,0,0,0,0
1168,1,0,0,0,0
1170,0,0,1,0,0
1171,0,1,0,0,0
1172,1,0,0,0,0
1173,1,0,0,0,0
1174,1,0,0,0,1
1175,0,0,1,0,0
1176,1,0,0,0,0
1177,0,0,1,0,0
1178,1,0,0,0,0
1179,1,0,0,0,0
1180,1,0,0,0,0
1181,0,1,0,0,0
1182,1,0,0,0,0
1169,1,0,0,0,0
1184,1,0,0,0,0
1185,1,0,0,0,1
1186,0,0,1,0,0
1187,1,0,0,0,0
1188,0,1,0,0,0
1189,1,0,0,0,0
1190,0,0,1,0,0
1191,1,0,0,0,0
1192,0,0,1,0,0
1193,0,0,1,0,0
1194,1,0,0,0,0
1195,0,0,1,0,0
1196,0,0,1,0,0
1197,1,0,0,0,0
1183,1,0,0,0,0
1199,1,0,0,0,0
1200,0,0,1,0,0
1201,1,0,0,0,1
1202,0,1,0,0,0
1204,0,0,1,0,0
1205,1,0,0,0,0
1206,1,0,0,0,0
1207,0,0,1,0,0
1208,1,0,0,0,0
1209,0,0,1,0,0
1210,0,1,0,0,0
1211,1,0,0,0,0
1212,0,0,1,0,0
1213,0,1,0,0,0
1214,0,1,0,0,0
1215,0,1,0,0,0
1216,1,0,0,0,0
1217,0,0,1,0,1
1218,1,0,0,0,1
1219,0,1,0,0,0
1220,0,0,1,0,1
1221,0,1,0,0,0
1222,1,0,0,0,0
1223,1,0,0,0,0
1224,0,1,0,0,0
1225,0,0,1,0,0
1226,1,0,0,0,0
1227,1,0,0,0,0
1228,1,0,0,0,0
1198,1,0,0,0,0
1229,1,0,0,0,0
1230,1,0,0,0,0
1231,0,0,1,0,0
1232,0,1,0,0,0
1233,0,0,1,0,0
1234,1,0,0,0,0
1235,0,1,0,0,0
1237,0,0,1,0,0
1238,1,0,0,0,0
1239,1,0,0,0,0
1240,0,1,0,0,0
1241,0,1,0,0,0
1242,1,0,0,0,0
1243,1,0,0,0,1
1244,0,1,0,0,0
1245,1,0,0,0,0
1246,1,0,0,0,1
1247,0,0,1,0,0
1248,1,0,0,0,0
1249,0,0,1,0,0
1250,1,0,0,0,0
1252,0,0,1,0,0
1251,0,1,0,0,0
1253,0,0,1,0,0
1236,1,0,0,0,0
1254,0,1,0,0,0
1255,1,0,0,0,0
1256,1,0,0,0,0
1257,1,0,0,0,1
1258,0,0,1,0,0
1259,1,0,0,0,0
1260,1,0,0,0,0
1261,0,0,1,0,0
1262,0,1,0,0,0
1263,1,0,0,0,0
1264,0,0,1,0,0
1265,1,0,0,0,0
1266,0,0,1,0,0
1269,0,0,1,0,0
1270,0,0,1,0,0
1271,1,0,0,0,0
1272,1,0,0,0,0
1273,1,0,0,0,0
1064,1,0,0,0,0
1274,1,0,0,0,0
1268,0,1,0,0,1
1275,1,0,0,0,0
1276,1,0,0,0,0
1277,0,1,0,0,0
1278,0,0,1,0,0
1279,0,1,0,0,0
1280,0,1,0,0,0
1281,0,1,0,0,0
1282,1,0,0,0,0
1283,1,0,0,0,0
1284,1,0,0,0,0
713,1,0,0,1,1
1285,0,0,1,0,0
1287,1,0,0,0,0
1131,1,0,0,0,0
1288,1,0,0,0,0
1289,1,0,0,0,0
1290,1,0,0,0,0
1291,1,0,0,0,0
1267,0,1,0,0,0
1292,0,1,0,0,0
1293,1,0,0,0,0
1294,1,0,0,0,0
1295,1,0,0,0,0
1296,1,0,0,0,0
1297,1,0,0,0,0
1298,1,0,0,0,0
1299,1,0,0,0,0
1300,1,0,0,0,0
1301,1,0,0,0,0
1302,1,0,0,0,0
1304,0,0,1,0,0
1305,1,0,0,0,0
1306,1,0,0,0,0
1307,1,0,0,0,0
1308,1,0,0,0,0
1309,0,0,1,0,0
1310,0,0,1,0,0
1311,1,0,0,0,0
1312,1,0,0,0,0
1286,1,0,0,0,0
1303,1,0,0,0,0
1313,0,0,1,0,0
1314,0,1,0,0,0
1315,0,0,1,0,0
1316,1,0,0,0,1
1317,1,0,0,0,1
1318,1,0,0,0,0
1319,0,1,0,0,0
1320,1,0,0,0,0
1321,0,1,0,0,0
1322,1,0,0,0,0
1323,1,0,0,0,0
1324,0,0,1,0,0
1325,1,0,0,0,0
1326,1,0,0,0,0
1328,1,0,0,0,0
1329,0,0,1,0,0
1327,1,0,0,0,0
1330,1,0,0,0,0
1331,1,0,0,1,1
1332,1,0,0,0,0
1333,1,0,0,0,0
1115,1,0,0,0,0
1335,0,1,0,0,0
1336,1,0,0,0,0
1337,0,1,0,0,0
1334,1,0,0,0,1
1338,0,0,1,0,0
1340,0,1,0,0,0
1341,0,1,0,0,0
1342,1,0,0,0,0
1343,1,0,0,0,0
1344,1,0,0,0,0
1345,0,1,0,0,0
1346,0,1,0,0,0
1347,1,0,0,0,0
1348,0,1,0,0,0
1349,1,0,0,0,0
1350,1,0,0,0,0
1351,1,0,0,0,0
1352,1,0,0,0,1
1353,1,0,0,0,0
1354,1,0,0,0,0
1355,0,1,0,0,0
1356,1,0,0,0,0
1357,0,1,0,0,0
1358,1,0,0,0,0
1359,1,0,0,0,0
1360,1,0,0,0,0
1361,1,0,0,0,0
1362,1,0,0,0,0
1363,1,0,0,0,1
1364,0,1,0,0,0
1365,0,1,0,0,0
1366,1,0,0,0,1
1367,1,0,0,0,0
1368,0,0,1,0,0
1369,1,0,0,0,0
1370,0,1,0,0,0
1371,1,0,0,0,0
1372,0,1,0,0,0
1373,0,0,1,0,0
1374,1,0,0,0,0
1377,1,0,0,0,0
1378,1,0,0,0,0
1379,1,0,0,0,0
1380,1,0,0,0,0
1381,1,0,0,0,0
1382,1,0,0,0,0
1383,1,0,0,1,1
1384,1,0,0,0,0
1385,1,0,0,0,0
1387,1,0,0,0,0
1388,0,0,1,0,0
1390,1,0,0,0,0
1391,1,0,0,0,0
1393,1,0,0,0,0
1392,1,0,0,0,0
1394,1,0,0,0,0
1395,0,1,0,0,0
1397,0,1,0,0,0
1399,1,0,0,0,0
1396,0,0,1,0,1
1389,0,0,1,0,0
1400,0,0,1,0,0
1401,0,1,0,0,0
1402,0,1,0,0,0
1403,0,0,1,0,0
1375,1,0,0,0,0
1404,1,0,0,0,0
1405,1,0,0,0,0
1406,0,1,0,0,0
1407,1,0,0,0,0
1408,1,0,0,0,0
1409,1,0,0,0,0
1410,0,0,1,0,0
1411,0,0,1,0,0
1412,1,0,0,0,0
1413,1,0,0,0,0
1414,0,1,0,0,0
1415,0,0,1,0,0
1376,0,0,1,0,0
1416,1,0,0,0,0
1417,1,0,0,0,0
1418,1,0,0,0,0
1419,1,0,0,0,0
1420,1,0,0,0,0
1421,0,0,1,0,0
1422,0,1,0,0,0
1423,1,0,0,0,0
1424,1,0,0,0,0
1425,1,0,0,0,0
1426,0,1,0,0,0
1427,0,1,0,0,0
1428,0,1,0,0,0
1429,1,0,0,0,0
1430,1,0,0,0,0
1431,1,0,0,0,0
1432,1,0,0,0,0
1433,1,0,0,0,0
1434,0,0,1,0,0
1435,0,0,1,0,0
1436,0,0,1,0,0
1439,1,0,0,0,0
1440,1,0,0,0,0
1441,0,1,0,0,0
1442,1,0,0,0,0
1438,1,0,0,0,0
1203,0,0,1,0,0
1444,1,0,0,0,0
1445,1,0,0,0,0
1443,1,0,0,1,1
1446,0,1,0,0,0
1447,1,0,0,0,0
1386,0,0,1,0,1
1448,0,0,1,0,0
1449,1,0,0,0,0
1450,1,0,0,0,0
1451,0,1,0,0,0
1452,0,0,1,0,0
1453,0,1,0,0,0
1454,0,0,1,0,0
1455,1,0,0,0,0
1456,1,0,0,0,0
1457,1,0,0,0,0
1458,0,1,0,0,0
1459,1,0,0,0,0
1460,1,0,0,0,0
1461,1,0,0,0,0
1462,1,0,0,0,0
1464,1,0,0,0,0
1465,1,0,0,0,0
1466,1,0,0,0,0
1467,1,0,0,0,0
1468,1,0,0,0,0
1470,0,0,1,0,0
1471,1,0,0,0,0
1472,1,0,0,0,0
1473,1,0,0,0,0
1474,0,0,1,0,0
1475,0,0,1,0,0
1476,0,0,1,0,0
1477,1,0,0,0,0
1463,0,1,0,0,0
1478,1,0,0,0,0
1479,1,0,0,0,0
1480,1,0,0,0,0
1481,1,0,0,0,0
1482,0,0,1,0,0
1483,1,0,0,0,0
1484,1,0,0,0,0
1486,1,0,0,0,0
1488,1,0,0,0,0
1489,0,1,0,0,0
1490,0,1,0,0,0
1491,1,0,0,0,0
1493,1,0,0,0,0
1494,1,0,0,0,0
1437,1,0,0,0,0
1492,1,0,0,0,0
1495,1,0,0,0,0
1496,1,0,0,0,0
1497,1,0,0,0,0
1498,1,0,0,0,0
1500,1,0,0,0,0
1487,0,0,1,1,1
1501,1,0,0,0,0
1502,1,0,0,0,0
1503,1,0,0,0,0
1505,0,1,0,0,0
1499,1,0,0,0,0
1506,0,0,1,0,0
1507,0,0,1,0,0
1508,1,0,0,0,0
1509,0,0,1,0,0
1510,1,0,0,1,1
1504,1,0,0,0,0
1511,1,0,0,0,0
1513,1,0,0,0,0
1514,1,0,0,0,0
1512,1,0,0,0,0
1469,1,0,0,0,0
1517,1,0,0,0,0
1518,0,1,0,0,0
1519,1,0,0,0,0
1520,0,0,1,0,0
1521,1,0,0,0,0
1522,0,1,0,0,0
1523,1,0,0,0,0
1524,1,0,0,0,0
1525,0,1,0,0,0
1526,1,0,0,0,0
1516,1,0,0,0,0
1527,1,0,0,0,0
1528,0,1,0,0,0
1529,0,0,1,0,0
1530,1,0,0,0,0
1531,0,1,0,0,0
1532,1,0,0,0,0
1533,0,0,1,0,0
1534,1,0,0,0,0
1535,1,0,0,0,0
1536,1,0,0,0,0
1537,0,0,1,0,0
1538,1,0,0,0,0
1539,0,0,1,0,0
1540,0,1,0,0,0
1541,0,1,0,0,0
1542,1,0,0,0,0
1543,0,0,1,1,1
1544,1,0,0,0,0
1545,1,0,0,0,0
1546,1,0,0,0,0
1547,0,1,0,0,0
1548,1,0,0,0,0
1549,1,0,0,0,0
1550,0,1,0,0,0
1551,0,0,1,0,0
1552,1,0,0,0,0
1553,0,1,0,0,0
1554,1,0,0,0,0
1555,1,0,0,0,0
1556,1,0,0,0,0
1557,1,0,0,0,0
1558,1,0,0,0,0
1559,1,0,0,0,0
1560,1,0,0,0,0
1561,0,1,0,0,0
1562,1,0,0,0,0
1564,0,1,0,0,0
1568,1,0,0,0,0
1569,0,1,0,0,0
1570,1,0,0,0,0
1571,1,0,0,0,0
1567,1,0,0,0,0
1572,1,0,0,0,0
1573,0,1,0,0,0
1575,1,0,0,0,0
1566,1,0,0,0,1
1577,0,0,1,0,0
1578,1,0,0,0,0
1579,0,1,0,0,0
1580,1,0,0,0,0
1574,0,1,0,0,0
1581,1,0,0,0,0
1582,1,0,0,0,0
1583,1,0,0,0,0
1584,0,1,0,0,0
1576,0,0,1,0,0
1585,1,0,0,0,0
1586,1,0,0,0,0
1587,0,0,1,0,0
1588,1,0,0,0,0
1589,0,1,0,0,0
1590,0,0,1,0,0
1593,1,0,0,0,0
1594,0,0,1,0,0
1596,1,0,0,0,0
1597,1,0,0,0,0
1598,1,0,0,0,0
1599,0,1,0,0,0
1600,1,0,0,0,0
1601,0,1,0,0,0
1595,1,0,0,0,0
1602,0,1,0,0,0
1603,1,0,0,0,0
1604,1,0,0,0,0
1606,0,1,0,0,0
1605,1,0,0,0,0
1608,1,0,0,0,0
1609,1,0,0,0,0
1610,1,0,0,0,0
1611,0,1,0,0,0
1613,0,0,1,0,0
1607,1,0,0,0,0
1614,1,0,0,0,0
1615,0,0,1,0,1
1616,1,0,0,0,0
1617,1,0,0,0,0
1515,0,0,1,0,0
1591,0,1,0,0,0
1618,0,0,1,0,0
1619,1,0,0,0,0
1620,1,0,0,0,0
1621,1,0,0,0,0
1622,1,0,0,0,0
1623,0,0,1,0,0
1624,0,1,0,0,0
1592,0,0,1,0,0
1625,1,0,0,0,0
1626,0,0,1,0,0
1627,1,0,0,0,0
1628,1,0,0,0,0
1629,0,0,1,0,0
1631,1,0,0,0,0
1632,0,1,0,0,0
1633,1,0,0,0,0
1634,1,0,0,0,0
1635,0,0,1,0,0
1636,1,0,0,0,0
1637,1,0,0,0,0
1639,0,0,1,0,0
1640,1,0,0,0,0
1641,1,0,0,0,0
1642,0,1,0,0,0
1643,1,0,0,0,0
1565,0,1,0,0,1
1644,0,1,0,0,0
1645,1,0,0,0,0
1646,1,0,0,0,0
1647,1,0,0,0,1
1648,0,1,0,0,0
1651,0,1,0,0,0
1653,1,0,0,0,0
1654,1,0,0,0,0
1655,0,0,1,0,0
1659,1,0,0,0,0
1660,0,1,0,0,0
1661,1,0,0,0,0
1612,1,0,0,0,0
1662,1,0,0,0,0
1663,1,0,0,0,0
1630,1,0,0,0,0
1664,0,0,1,0,0
1665,1,0,0,0,0
1666,0,1,0,0,0
1668,0,0,1,0,0
1669,0,0,1,0,0
1670,1,0,0,0,0
1671,0,0,1,1,1
1672,1,0,0,0,0
1657,1,0,0,0,0
1649,1,0,0,0,0
1673,0,1,0,0,0
1667,0,0,1,0,0
1674,1,0,0,0,0
1675,1,0,0,0,0
1676,1,0,0,0,0
1677,1,0,0,0,0
1678,0,0,1,0,0
1679,1,0,0,0,0
1658,1,0,0,0,0
1681,0,0,1,0,0
1682,1,0,0,0,0
1683,0,0,1,0,0
1684,1,0,0,0,0
1685,1,0,0,0,0
1686,1,0,0,0,1
1687,1,0,0,0,0
1688,0,1,0,0,0
1689,0,0,1,0,0
1690,1,0,0,0,1
1691,1,0,0,0,0
1692,1,0,0,0,0
1650,0,1,0,0,1
1693,0,0,1,0,0
1694,1,0,0,0,0
1696,1,0,0,0,0
1697,1,0,0,0,0
1698,0,0,1,0,0
1699,1,0,0,0,0
1700,0,1,0,0,0
1701,1,0,0,0,1
1702,0,0,1,0,0
1703,0,0,1,0,0
1704,1,0,0,0,0
1706,1,0,0,0,0
1707,1,0,0,0,0
1708,0,0,1,0,0
1709,0,1,0,0,0
1710,1,0,0,0,0
1705,1,0,0,1,1
1712,1,0,0,0,0
1713,1,0,0,0,0
1714,1,0,0,0,0
1715,1,0,0,0,0
1716,0,1,0,0,0
1718,1,0,0,0,0
1721,1,0,0,0,0
1717,1,0,0,0,0
1723,1,0,0,0,0
1724,0,1,0,0,0
1725,0,1,0,0,0
1726,1,0,0,0,0
1727,1,0,0,0,0
1728,0,1,0,0,0
1729,1,0,0,0,0
1732,0,1,0,0,0
1733,1,0,0,0,0
1734,0,1,0,0,0
1735,0,0,1,0,0
1736,1,0,0,0,0
1737,1,0,0,0,0
1738,0,0,1,0,0
1739,1,0,0,0,0
1740,1,0,0,0,0
1731,1,0,0,0,0
1741,1,0,0,0,0
1742,1,0,0,0,0
1720,0,1,0,0,0
1743,1,0,0,0,0
1711,1,0,0,0,0
1747,0,0,1,0,0
1748,1,0,0,0,0
1746,1,0,0,0,0
1749,1,0,0,0,0
1750,1,0,0,0,0
1751,0,0,1,0,0
1752,1,0,0,0,1
1754,0,1,0,0,0
1744,1,0,0,0,0
1756,1,0,0,0,0
1757,1,0,0,0,0
1758,1,0,0,0,0
1759,1,0,0,0,0
1695,1,0,0,0,0
1760,1,0,0,0,0
1745,1,0,0,0,0
1761,0,0,1,0,0
1762,1,0,0,0,0
1763,1,0,0,0,0
1755,1,0,0,0,0
1765,0,0,1,0,0
1766,1,0,0,0,0
1767,1,0,0,0,0
1768,1,0,0,0,0
1770,0,0,1,0,0
1771,1,0,0,1,1
1769,1,0,0,0,1
1772,1,0,0,0,0
1773,0,0,1,0,0
1775,0,1,0,0,0
1776,0,0,1,0,0
1777,1,0,0,0,0
1778,1,0,0,0,0
1730,0,0,1,0,0
1722,1,0,0,0,0
1780,0,0,1,0,0
1764,0,0,1,0,0
1779,0,0,1,0,0
1782,1,0,0,0,0
1784,1,0,0,0,0
1785,0,0,1,0,0
1786,1,0,0,0,0
1787,0,0,1,0,0
1789,1,0,0,0,0
1788,1,0,0,0,0
1790,1,0,0,0,0
1792,1,0,0,0,0
1791,1,0,0,0,0
1794,1,0,0,0,0
1796,1,0,0,0,0
1797,1,0,0,0,0
1798,1,0,0,0,0
1799,0,1,0,0,0
1800,0,1,0,0,0
1801,1,0,0,0,0
1802,1,0,0,0,0
1803,1,0,0,0,0
1795,1,0,0,0,0
1804,0,1,0,0,0
1680,0,0,1,0,0
1805,1,0,0,0,0
1806,1,0,0,0,0
1807,1,0,0,0,0
1808,1,0,0,0,0
1809,1,0,0,0,0
1753,1,0,0,1,1
1811,0,1,0,0,0
1812,0,0,1,0,0
1813,1,0,0,0,0
1814,1,0,0,0,0
1816,1,0,0,0,0
1817,0,1,0,0,0
1818,0,0,1,0,0
1819,1,0,0,0,0
1821,1,0,0,0,0
1822,1,0,0,0,0
1820,1,0,0,0,0
1774,1,0,0,0,0
1823,1,0,0,0,0
1824,1,0,0,0,0
1825,1,0,0,0,0
1826,1,0,0,0,0
1827,0,1,0,0,0
1828,1,0,0,0,0
1829,1,0,0,0,0
1830,0,0,1,0,0
1793,1,0,0,0,0
1831,1,0,0,0,0
1832,0,1,0,0,0
1833,1,0,0,0,0
1834,1,0,0,0,0
1835,1,0,0,0,0
1836,0,0,1,0,0
1837,1,0,0,0,0
1838,0,0,1,0,0
1810,0,1,0,0,1
1839,1,0,0,0,0
1840,1,0,0,0,0
1841,1,0,0,0,0
1842,1,0,0,0,0
1843,0,1,0,0,0
1844,1,0,0,0,0
1845,1,0,0,0,0
1846,1,0,0,0,1
1847,1,0,0,0,0
1719,1,0,0,0,0
1656,1,0,0,0,1
1848,1,0,0,0,0
1849,1,0,0,0,0
1850,1,0,0,0,0
1851,1,0,0,0,0
1852,1,0,0,0,0
1853,1,0,0,0,0
1854,1,0,0,0,0
1855,1,0,0,0,0
1856,0,0,1,0,0
1857,0,0,1,0,0
1858,1,0,0,0,0
1859,1,0,0,0,0
1860,1,0,0,0,1
1861,1,0,0,0,0
1862,1,0,0,1,1
1863,1,0,0,0,0
1864,0,0,1,0,0
1865,1,0,0,0,0
1867,0,1,0,0,0
1866,1,0,0,0,0
1868,0,0,1,0,0
1869,1,0,0,0,0
1870,1,0,0,0,0
1871,1,0,0,0,0
1873,1,0,0,0,0
1874,1,0,0,0,0
1875,0,1,0,0,0
1876,1,0,0,0,0
1872,1,0,0,0,0
1877,1,0,0,0,0
1878,0,0,1,0,0
1879,1,0,0,0,0
1880,1,0,0,0,0
1881,1,0,0,0,0
1882,1,0,0,0,0
1883,1,0,0,0,0
1884,0,0,1,0,0
1885,1,0,0,0,0
1886,1,0,0,0,0
1887,1,0,0,0,0
1888,1,0,0,0,0
1889,0,0,1,0,0
1891,0,0,1,0,0
1892,0,1,0,0,0
1894,1,0,0,0,0
1895,1,0,0,0,0
1896,1,0,0,0,0
1897,1,0,0,0,0
1898,0,0,1,0,0
1899,1,0,0,0,0
1900,0,0,1,0,0
1901,0,1,0,0,0
1902,0,0,1,0,0
1903,1,0,0,0,0
1904,1,0,0,0,0
1905,1,0,0,0,0
1906,0,0,1,0,0
1907,0,0,1,0,0
1908,1,0,0,0,0
1909,1,0,0,0,0
1910,1,0,0,0,0
1911,1,0,0,0,0
1913,0,1,0,0,0
1914,0,1,0,0,0
1915,0,1,0,0,0
1916,1,0,0,0,0
1917,0,1,0,0,0
1918,1,0,0,0,0
1919,1,0,0,0,0
1920,1,0,0,0,0
1921,1,0,0,0,0
1922,1,0,0,0,0
1923,0,1,0,0,0
1924,1,0,0,0,0
1925,1,0,0,0,0
1926,1,0,0,0,0
1927,0,0,1,0,0
1912,0,0,1,0,0
1928,1,0,0,0,0
1929,0,0,1,0,0
1931,0,0,1,0,0
1890,1,0,0,0,0
1930,1,0,0,0,0
1932,1,0,0,0,0
1933,0,0,1,0,0
1934,0,1,0,0,0
1935,1,0,0,0,0
1936,1,0,0,0,0
1937,1,0,0,0,0
1940,0,0,1,0,0
1941,1,0,0,0,0
1942,1,0,0,0,0
1893,1,0,0,0,0
1943,0,0,1,0,0
1944,1,0,0,0,0
1945,0,0,1,0,0
1946,0,1,0,0,0
1947,1,0,0,0,0
1949,1,0,0,0,0
1950,1,0,0,0,0
1951,1,0,0,0,0
1952,1,0,0,0,0
1953,0,0,1,0,0
1955,0,0,1,0,0
1956,1,0,0,0,0
1957,1,0,0,0,0
1958,0,1,0,0,0
1959,1,0,0,0,0
1960,1,0,0,0,0
1961,1,0,0,0,0
1962,1,0,0,0,0
1938,0,1,0,0,0
1963,1,0,0,0,0
1964,0,0,1,0,0
1965,1,0,0,0,0
1966,1,0,0,0,0
1967,1,0,0,0,0
1968,0,1,0,0,0
1969,0,1,0,0,0
1783,0,0,1,0,0
1970,0,0,1,0,0
1971,1,0,0,0,0
1972,1,0,0,0,0
1973,0,0,1,0,0
1974,1,0,0,0,0
1976,0,1,0,0,0
1977,0,0,1,0,0
1978,1,0,0,0,0
1979,1,0,0,0,0
1981,1,0,0,0,0
1982,1,0,0,0,0
1983,1,0,0,0,0
1984,1,0,0,0,0
1985,1,0,0,0,0
1980,1,0,0,0,0
1986,1,0,0,0,0
1987,0,0,1,0,0
1988,1,0,0,0,0
1989,1,0,0,0,0
1990,1,0,0,0,0
1991,1,0,0,0,0
1992,0,1,0,0,0
1993,0,1,0,0,0
1994,0,1,0,0,0
1995,0,0,1,0,0
3598,1,0,0,0,0
1997,0,1,0,0,0
1998,0,1,0,0,0
1999,1,0,0,0,0
2000,1,0,0,0,0
2001,1,0,0,0,0
2002,1,0,0,0,0
2004,0,1,0,0,0
2005,1,0,0,0,0
1815,1,0,0,0,0
2006,0,0,1,0,0
2007,1,0,0,0,0
2008,0,0,1,0,0
1948,1,0,0,0,1
2010,1,0,0,0,0
2011,1,0,0,0,0
2012,1,0,0,0,0
2013,1,0,0,0,0
2015,1,0,0,0,0
2009,0,0,1,0,0
2017,0,0,1,1,1
2018,1,0,0,0,0
2020,1,0,0,0,0
2014,1,0,0,0,0
2021,1,0,0,0,0
2022,1,0,0,0,0
2023,1,0,0,0,0
2016,0,1,0,0,0
2024,1,0,0,0,0
2025,1,0,0,0,0
2026,1,0,0,0,0
2027,0,0,1,0,0
2029,1,0,0,0,0
2031,0,0,1,0,0
2030,1,0,0,0,0
2032,0,1,0,0,0
2033,1,0,0,0,0
2034,1,0,0,0,0
2028,0,1,0,1,1
2035,0,0,1,0,0
2036,0,0,1,0,0
2037,1,0,0,0,0
2038,0,1,0,0,0
2039,0,0,1,0,0
2040,1,0,0,0,1
2041,1,0,0,0,0
2042,0,0,1,0,0
2044,0,1,0,0,0
2045,0,1,0,0,1
2046,1,0,0,0,1
2047,0,1,0,0,0
2049,1,0,0,0,0
2051,0,0,1,0,0
2052,0,1,0,0,0
2053,0,1,0,0,0
2055,1,0,0,0,0
2056,1,0,0,0,1
2057,0,0,1,0,0
2058,1,0,0,0,0
2059,0,1,0,0,0
1939,1,0,0,0,0
2060,1,0,0,0,0
2061,1,0,0,0,0
2062,1,0,0,0,0
2063,1,0,0,0,0
2064,1,0,0,0,0
2065,0,1,0,0,0
2066,1,0,0,0,0
2067,1,0,0,0,0
2068,1,0,0,0,0
2054,0,0,1,0,0
2069,1,0,0,0,0
2070,1,0,0,0,0
2071,0,1,0,0,0
2072,1,0,0,0,0
2073,1,0,0,0,0
2074,1,0,0,0,0
2043,0,1,0,0,0
2078,1,0,0,0,0
2079,1,0,0,0,0
2077,0,0,1,0,0
2080,1,0,0,0,1
2081,1,0,0,0,0
2082,1,0,0,0,0
2084,1,0,0,0,0
2085,1,0,0,0,0
2086,1,0,0,0,0
2087,0,1,0,0,0
2088,0,1,0,0,0
2090,1,0,0,0,0
2091,1,0,0,0,0
2089,1,0,0,1,1
2092,1,0,0,0,0
2093,1,0,0,0,0
2094,0,1,0,0,0
2095,1,0,0,0,0
2096,1,0,0,1,1
2097,1,0,0,0,1
2099,1,0,0,0,0
2100,1,0,0,0,0
1485,0,0,1,0,0
2101,1,0,0,0,0
2102,0,1,0,0,0
2103,1,0,0,0,0
2104,1,0,0,0,0
2105,1,0,0,0,0
2106,0,1,0,0,0
2107,1,0,0,0,0
2108,0,0,1,0,0
2076,0,1,0,0,0
2109,1,0,0,0,0
2111,1,0,0,0,0
2112,1,0,0,0,0
2113,0,0,1,0,0
2114,1,0,0,0,0
2115,1,0,0,0,0
2116,1,0,0,0,0
2117,1,0,0,0,0
2118,1,0,0,0,1
2119,1,0,0,0,0
2110,1,0,0,0,0
2120,1,0,0,0,0
2121,0,0,1,0,0
2122,0,1,0,0,0
2123,1,0,0,0,0
2124,1,0,0,0,0
2126,1,0,0,0,0
2127,1,0,0,0,0
2129,1,0,0,0,0
2125,0,1,0,0,1
2130,1,0,0,0,0
2132,1,0,0,0,0
2133,1,0,0,0,0
2134,0,1,0,0,0
2135,1,0,0,0,0
2136,1,0,0,0,0
2137,0,1,0,0,0
2138,1,0,0,0,0
2139,0,1,0,0,0
2140,1,0,0,0,0
2142,1,0,0,0,0
2143,1,0,0,0,0
2144,1,0,0,0,0
2128,0,1,0,0,0
2141,1,0,0,0,0
2145,1,0,0,0,0
2146,1,0,0,0,0
2147,1,0,0,0,0
2148,1,0,0,0,0
2131,0,1,0,0,0
2149,1,0,0,0,0
2150,1,0,0,0,0
2151,1,0,0,0,0
2152,1,0,0,0,0
2153,1,0,0,0,0
2155,0,0,1,0,0
2156,0,1,0,0,0
2157,1,0,0,0,0
2154,0,1,0,0,0
2158,1,0,0,0,0
2159,0,1,0,0,0
2160,1,0,0,0,0
2161,1,0,0,0,0
2162,0,0,1,0,0
2163,1,0,0,0,0
2164,1,0,0,0,0
2166,1,0,0,0,0
2167,1,0,0,0,1
2168,0,1,0,0,0
2169,1,0,0,0,0
2170,0,1,0,0,0
2171,1,0,0,0,0
2172,1,0,0,0,0
2173,1,0,0,0,0
2165,0,0,1,0,0
2174,0,0,1,0,0
2175,1,0,0,0,0
2177,1,0,0,0,0
2178,0,0,1,0,0
2179,1,0,0,0,0
2180,0,0,1,0,0
2181,0,0,1,0,0
2182,1,0,0,0,0
2176,1,0,0,0,0
2184,0,1,0,0,0
2185,0,1,0,0,0
2186,0,0,1,0,0
2187,1,0,0,0,1
2188,1,0,0,0,1
2189,1,0,0,0,0
2190,1,0,0,0,0
2191,1,0,0,0,0
2192,0,0,1,0,0
2194,1,0,0,0,0
2195,1,0,0,0,0
2196,1,0,0,0,0
2197,1,0,0,0,0
2199,0,1,0,0,0
2200,1,0,0,0,0
2201,1,0,0,0,0
2202,1,0,0,0,0
2203,0,1,0,0,0
2204,1,0,0,0,0
2205,0,0,1,0,0
2206,0,1,0,0,0
2207,1,0,0,0,0
2208,0,1,0,0,0
2209,1,0,0,0,0
2210,1,0,0,0,0
2211,1,0,0,0,0
2212,0,1,0,0,0
2213,1,0,0,0,0
2214,1,0,0,0,0
2215,0,1,0,0,0
2216,0,0,1,0,0
2217,1,0,0,0,0
2218,1,0,0,0,0
2219,1,0,0,0,0
2220,1,0,0,0,0
2221,1,0,0,0,0
2193,1,0,0,0,0
2222,1,0,0,0,0
2223,0,1,0,0,0
2224,1,0,0,0,0
2225,0,0,1,0,0
2226,1,0,0,0,0
2227,0,0,1,0,0
2228,1,0,0,0,0
2229,1,0,0,0,0
2230,1,0,0,0,0
2231,1,0,0,0,0
2233,0,0,1,0,0
2232,1,0,0,0,0
2234,1,0,0,0,0
2235,0,1,0,0,0
2236,0,0,1,0,0
2237,0,1,0,0,0
2239,0,0,1,0,0
2240,1,0,0,0,0
2241,1,0,0,0,0
2238,1,0,0,0,0
2243,1,0,0,0,0
2244,1,0,0,0,0
2245,1,0,0,0,0
2246,1,0,0,0,0
2247,0,1,0,0,0
2248,1,0,0,0,0
2250,1,0,0,0,0
2251,1,0,0,0,0
2253,1,0,0,0,0
2254,1,0,0,0,0
2255,1,0,0,0,0
2256,1,0,0,0,0
2257,1,0,0,0,0
2258,1,0,0,0,0
2259,1,0,0,0,0
2260,1,0,0,0,0
2252,0,1,0,0,0
2261,1,0,0,0,0
2083,1,0,0,0,0
2263,0,1,0,0,0
2264,1,0,0,0,0
2048,0,0,1,0,0
2265,0,1,0,1,1
2266,1,0,0,0,0
2098,0,1,0,0,0
2267,1,0,0,0,0
2268,1,0,0,0,0
2269,1,0,0,0,0
2270,1,0,0,0,0
2271,1,0,0,0,0
2272,0,0,1,0,0
2274,0,0,1,0,0
2277,0,0,1,0,0
2278,1,0,0,0,0
2279,0,1,0,0,0
2280,0,1,0,0,0
2281,0,1,0,0,0
2282,1,0,0,0,0
2283,1,0,0,0,0
2284,0,1,0,0,0
2286,1,0,0,0,0
2287,0,1,0,0,0
2198,0,0,1,0,0
2288,1,0,0,0,0
2289,0,1,0,0,0
2290,1,0,0,0,0
2292,0,1,0,0,0
2293,0,0,1,0,0
2295,1,0,0,0,0
2297,1,0,0,0,0
2298,0,0,1,0,0
2299,1,0,0,0,0
2300,1,0,0,0,0
2301,1,0,0,0,0
2302,0,1,0,0,0
2296,0,1,0,0,0
2275,1,0,0,0,0
2285,1,0,0,0,0
2304,1,0,0,0,0
2305,1,0,0,0,0
2306,1,0,0,0,0
2276,1,0,0,0,0
2307,1,0,0,0,0
2308,1,0,0,0,0
2303,1,0,0,0,0
2309,1,0,0,0,0
2310,1,0,0,0,0
2311,1,0,0,0,0
2312,1,0,0,0,0
2313,0,1,0,0,0
2314,1,0,0,0,0
2316,1,0,0,0,0
2317,0,1,0,0,0
2318,1,0,0,0,0
2319,0,0,1,0,0
2320,0,1,0,0,0
2321,0,1,0,0,0
2322,0,1,0,0,0
2323,0,0,1,0,0
2324,1,0,0,0,0
2325,1,0,0,0,0
2326,1,0,0,0,0
2327,1,0,0,0,0
2330,1,0,0,0,0
2331,0,1,0,0,0
2332,1,0,0,0,0
2333,0,1,0,0,0
2334,0,1,0,0,0
2335,0,1,0,0,0
2336,0,1,0,0,0
2337,1,0,0,0,0
2338,1,0,0,0,0
2339,1,0,0,0,0
2340,0,1,0,0,0
2341,1,0,0,0,0
2342,1,0,0,0,0
2343,0,1,0,0,0
2344,1,0,0,0,0
2345,0,1,0,0,0
2348,1,0,0,0,0
2349,0,1,0,0,1
2352,1,0,0,0,0
2262,1,0,0,0,0
2346,0,0,1,0,0
2353,1,0,0,0,0
2356,1,0,0,0,0
2357,0,1,0,0,0
2358,1,0,0,0,0
2360,1,0,0,0,0
2363,1,0,0,0,0
2364,1,0,0,0,0
2365,0,0,1,0,0
2366,0,1,0,0,0
2368,1,0,0,0,0
2328,1,0,0,0,0
2359,1,0,0,0,0
2369,1,0,0,0,0
2371,1,0,0,0,0
2372,1,0,0,0,0
2373,0,0,1,0,0
2374,1,0,0,0,0
2367,0,0,1,1,1
2375,1,0,0,0,0
2377,0,1,0,0,0
2242,1,0,0,0,0
2379,1,0,0,0,0
2378,1,0,0,0,0
2380,1,0,0,0,0
2381,0,1,0,0,0
2382,1,0,0,0,0
2383,1,0,0,0,0
2384,1,0,0,0,0
2249,1,0,0,0,0
2385,0,1,0,0,0
2386,0,0,1,0,0
2387,1,0,0,0,0
2389,1,0,0,0,0
2390,1,0,0,0,0
2370,1,0,0,0,0
2391,1,0,0,0,0
2392,1,0,0,0,0
2393,1,0,0,0,0
2394,1,0,0,0,0
2395,0,0,1,0,0
2362,0,0,1,0,0
2315,0,0,1,0,0
2397,1,0,0,0,0
2398,0,1,0,0,0
2399,1,0,0,0,0
2400,1,0,0,0,0
2401,1,0,0,0,0
2350,0,1,0,0,0
2404,1,0,0,0,0
2406,0,0,1,0,0
2407,1,0,0,0,0
2408,1,0,0,0,0
2411,1,0,0,0,0
2405,1,0,0,0,0
2412,0,1,0,0,0
2414,1,0,0,0,0
2417,1,0,0,0,0
2291,1,0,0,0,0
2419,0,0,1,0,0
2420,1,0,0,0,0
2421,0,1,0,0,0
2422,1,0,0,0,0
2351,1,0,0,0,0
2423,0,1,0,0,0
2424,0,0,1,0,0
2425,0,0,1,0,0
2416,0,1,0,0,0
2426,1,0,0,0,0
2427,1,0,0,0,0
2428,1,0,0,0,0
2429,1,0,0,0,0
2403,0,0,1,0,0
2430,1,0,0,0,0
2354,1,0,0,0,0
2432,1,0,0,0,0
2433,1,0,0,0,0
2434,1,0,0,0,0
2415,1,0,0,0,0
2435,0,0,1,0,0
2436,0,1,0,0,1
2437,1,0,0,0,0
2438,1,0,0,0,1
2410,0,1,0,1,1
2439,0,1,0,0,0
2440,1,0,0,0,0
2441,1,0,0,0,0
2443,1,0,0,0,0
2444,0,1,0,0,0
2445,1,0,0,0,0
2409,1,0,0,0,0
2446,1,0,0,0,0
2447,1,0,0,0,0
2449,1,0,0,0,0
2450,0,0,1,0,0
2451,0,0,1,0,0
2452,1,0,0,0,0
2453,1,0,0,0,0
2454,1,0,0,0,0
2455,0,1,0,0,1
2458,1,0,0,0,0
2459,0,0,1,0,0
2460,1,0,0,0,0
2461,1,0,0,0,0
2462,1,0,0,0,0
2448,1,0,0,0,0
2463,0,0,1,0,0
2456,1,0,0,0,0
2464,1,0,0,0,0
2418,1,0,0,0,0
2466,1,0,0,0,0
2468,0,0,1,0,0
2469,1,0,0,0,0
2470,0,0,1,0,0
2471,1,0,0,1,1
2473,0,0,1,0,0
2472,0,1,0,0,0
2474,1,0,0,0,0
2475,1,0,0,0,0
2476,1,0,0,0,0
2477,1,0,0,0,0
2478,1,0,0,0,0
2442,0,1,0,0,0
2479,1,0,0,0,0
2481,1,0,0,0,0
2482,1,0,0,0,0
2485,1,0,0,0,0
2486,1,0,0,0,0
2484,0,1,0,0,0
2487,1,0,0,0,0
2488,1,0,0,0,0
2483,0,1,0,0,0
2480,1,0,0,0,0
2489,1,0,0,0,0
2490,1,0,0,0,0
2491,1,0,0,0,0
2492,0,1,0,0,0
2493,1,0,0,0,0
2273,1,0,0,0,0
2495,0,0,1,0,0
2496,0,1,0,0,0
2494,1,0,0,0,0
2497,0,0,1,0,0
2499,1,0,0,0,0
2498,1,0,0,0,0
2500,0,1,0,0,0
2501,1,0,0,0,0
2502,0,1,0,0,0
2503,1,0,0,0,0
2504,1,0,0,0,0
2505,1,0,0,1,1
2506,1,0,0,0,0
2507,0,0,1,0,0
2508,1,0,0,0,0
2509,1,0,0,0,0
2510,0,0,1,0,0
2511,1,0,0,0,0
2512,0,0,1,0,0
2513,0,0,1,0,0
2514,1,0,0,1,1
2515,0,0,1,0,0
2516,1,0,0,1,1
2517,1,0,0,0,0
2518,0,1,0,0,0
2519,1,0,0,0,0
2520,0,0,1,0,0
2347,1,0,0,0,0
2522,1,0,0,0,0
2523,0,0,1,0,0
2521,0,1,0,0,0
2524,1,0,0,0,0
2525,0,0,1,0,0
2527,1,0,0,0,0
2528,1,0,0,0,0
1954,1,0,0,0,0
2529,0,0,1,0,0
2531,1,0,0,0,0
2532,1,0,0,0,0
2533,1,0,0,0,0
2534,0,1,0,0,0
2535,1,0,0,0,0
2536,0,1,0,0,0
2537,1,0,0,0,0
2355,0,1,0,0,0
2538,1,0,0,0,0
2539,1,0,0,0,0
2540,0,0,1,0,0
2541,1,0,0,0,0
2542,1,0,0,0,0
2543,1,0,0,0,0
2544,1,0,0,0,0
2545,1,0,0,0,0
2546,0,1,0,0,0
2547,1,0,0,0,0
2548,1,0,0,0,0
2549,1,0,0,0,0
2550,0,1,0,0,0
2551,1,0,0,0,0
2552,0,1,0,0,0
2553,0,0,1,0,0
2555,0,1,0,0,0
2556,1,0,0,0,0
2557,1,0,0,0,0
2558,0,1,0,0,0
2559,0,1,0,0,0
2561,0,1,0,0,0
2562,0,1,0,0,0
2563,1,0,0,0,0
2565,1,0,0,0,0
2566,0,0,1,0,0
2567,1,0,0,0,0
2568,0,1,0,0,0
2569,0,0,1,0,0
2570,1,0,0,0,0
2571,0,1,0,0,0
2572,1,0,0,0,0
2573,0,0,1,0,0
2574,0,0,1,1,1
2575,1,0,0,0,0
2576,0,0,1,0,0
2577,1,0,0,0,0
2578,1,0,0,0,0
2579,1,0,0,0,0
2564,0,1,0,0,0
2580,1,0,0,0,0
2581,1,0,0,0,0
2582,0,1,0,0,0
2584,1,0,0,0,0
2376,0,1,0,0,0
2585,1,0,0,0,0
2586,1,0,0,0,0
2587,1,0,0,0,0
2588,0,1,0,0,0
2589,1,0,0,0,0
2590,1,0,0,0,0
2591,0,1,0,0,0
2592,1,0,0,0,0
2594,1,0,0,0,0
2595,0,0,1,0,0
2596,1,0,0,0,0
2597,1,0,0,0,0
2598,0,1,0,0,0
2600,1,0,0,0,0
2601,0,0,1,0,0
2602,0,0,1,0,0
2603,1,0,0,0,0
2604,1,0,0,0,0
2605,0,0,1,0,0
2606,1,0,0,0,0
2530,1,0,0,0,0
2608,0,1,0,0,0
2610,1,0,0,0,0
2611,0,1,0,0,0
2612,1,0,0,0,0
2613,1,0,0,0,0
2614,1,0,0,0,0
2615,1,0,0,0,0
2616,1,0,0,0,0
2617,1,0,0,0,0
2619,0,1,0,1,1
2620,0,0,1,0,0
2621,0,1,0,0,0
2622,0,0,1,0,0
2623,1,0,0,0,0
2624,1,0,0,0,0
2625,1,0,0,0,0
2626,1,0,0,0,0
2627,0,0,1,0,0
2628,1,0,0,0,0
2629,0,0,1,0,0
2630,1,0,0,0,0
2631,1,0,0,0,0
2633,1,0,0,0,0
2632,1,0,0,0,0
2634,0,0,1,0,0
2635,0,1,0,0,0
2593,1,0,0,0,0
2636,0,1,0,0,0
2637,1,0,0,0,0
2638,1,0,0,0,0
2639,1,0,0,0,0
2640,0,1,0,0,0
2641,0,0,1,0,0
2388,0,0,1,0,0
2329,0,1,0,0,0
2642,0,0,1,0,0
2643,1,0,0,0,0
2644,0,0,1,0,0
2645,1,0,0,0,0
2646,1,0,0,0,0
2647,0,1,0,0,0
2648,1,0,0,0,0
2649,1,0,0,0,0
2651,1,0,0,0,0
2653,1,0,0,0,0
2655,1,0,0,0,0
2657,0,1,0,1,1
2658,0,1,0,0,0
2659,1,0,0,0,0
2660,1,0,0,0,0
2661,0,1,0,0,0
2662,0,1,0,0,0
2663,1,0,0,0,0
2396,1,0,0,0,0
2664,0,1,0,0,0
2665,1,0,0,0,0
2666,1,0,0,0,0
2667,0,1,0,0,0
2668,1,0,0,0,0
2669,1,0,0,0,0
2670,1,0,0,0,0
2671,0,0,1,0,0
2672,1,0,0,1,1
2673,1,0,0,0,0
2674,0,0,1,1,1
2675,1,0,0,0,0
2677,1,0,0,0,0
2676,0,0,1,1,1
2678,1,0,0,1,1
2681,1,0,0,0,0
2680,1,0,0,0,0
2682,1,0,0,0,0
2683,0,1,0,0,0
2684,1,0,0,0,0
2685,1,0,0,0,0
2686,1,0,0,0,0
2687,1,0,0,0,0
2607,1,0,0,0,0
2689,0,1,0,0,0
2690,1,0,0,0,0
1781,0,0,1,0,0
2693,0,0,1,0,0
2694,1,0,0,0,0
2695,1,0,0,0,0
2696,0,1,0,0,0
2697,1,0,0,0,0
2698,0,1,0,0,0
2699,0,0,1,1,1
2701,1,0,0,1,1
2702,0,1,0,1,1
2700,1,0,0,1,1
2703,0,0,1,1,1
2704,1,0,0,1,1
2705,1,0,0,1,1
2706,1,0,0,1,1
2707,0,1,0,1,1
2708,1,0,0,1,1
2709,0,1,0,1,1
2710,1,0,0,0,0
2711,1,0,0,0,0
2713,1,0,0,0,0
2715,1,0,0,0,0
2716,1,0,0,0,0
2712,0,0,1,1,1
2717,1,0,0,1,1
2718,1,0,0,1,1
2719,1,0,0,0,0
2720,1,0,0,1,1
2721,0,0,1,1,1
2722,0,1,0,1,1
2723,0,0,1,0,0
2726,1,0,0,0,0
2599,1,0,0,0,0
2727,0,0,1,0,0
2729,1,0,0,0,0
2728,1,0,0,0,0
2731,1,0,0,0,0
2714,1,0,0,0,0
2732,1,0,0,0,0
2734,1,0,0,0,0
2735,1,0,0,0,0
2736,0,1,0,0,0
2737,0,0,1,1,1
2738,1,0,0,1,1
2739,0,0,1,0,0
2740,1,0,0,0,0
2654,0,0,1,0,0
2741,0,1,0,0,0
2742,0,1,0,0,0
2743,1,0,0,0,0
2744,1,0,0,0,0
2745,1,0,0,0,0
2746,1,0,0,0,0
2747,1,0,0,0,0
2748,1,0,0,0,0
2749,0,0,1,0,0
2750,1,0,0,0,0
2752,1,0,0,0,0
2753,1,0,0,0,0
2725,1,0,0,0,0
2754,1,0,0,0,0
2755,1,0,0,0,0
2756,1,0,0,0,0
2757,0,1,0,0,0
2758,0,1,0,0,0
2760,1,0,0,0,0
2762,0,0,1,0,0
2763,0,0,1,0,0
2765,1,0,0,0,0
2766,1,0,0,0,0
2724,1,0,0,0,0
2768,1,0,0,0,0
2761,0,0,1,0,0
2769,1,0,0,0,0
2770,1,0,0,0,0
2771,1,0,0,0,0
2691,1,0,0,0,0
2751,0,0,1,0,0
2772,0,0,1,0,0
2773,1,0,0,0,0
2774,1,0,0,0,0
2776,1,0,0,0,0
2777,1,0,0,0,0
2779,0,1,0,0,0
2733,1,0,0,0,0
2780,1,0,0,0,0
2781,1,0,0,0,0
2782,1,0,0,0,0
2783,1,0,0,0,0
2775,1,0,0,0,0
2786,1,0,0,0,0
2787,0,1,0,0,0
2788,0,1,0,0,0
2789,1,0,0,0,0
2784,0,1,0,0,0
2790,1,0,0,0,0
2791,1,0,0,0,0
2778,0,1,0,0,0
2792,1,0,0,0,0
2793,0,0,1,0,0
2795,0,0,1,0,0
2679,1,0,0,0,0
2797,1,0,0,0,0
2798,1,0,0,0,0
2799,0,1,0,0,0
2800,1,0,0,0,0
2801,0,1,0,0,0
2802,1,0,0,0,0
2803,1,0,0,0,0
2618,1,0,0,0,0
2804,1,0,0,0,0
645,1,0,0,0,0
2805,1,0,0,0,0
2796,1,0,0,0,0
2609,1,0,0,0,0
2806,0,1,0,0,0
2807,1,0,0,0,0
2808,1,0,0,0,0
2809,1,0,0,0,0
2810,0,1,0,0,0
2811,1,0,0,0,0
2812,0,0,1,0,0
2813,0,0,1,0,0
2814,1,0,0,0,0
2815,1,0,0,0,0
2816,0,0,1,0,0
2817,1,0,0,0,0
2819,1,0,0,0,0
2820,0,0,1,0,0
2818,0,1,0,0,0
2823,0,0,1,0,0
2730,1,0,0,0,0
2824,1,0,0,0,0
2825,0,0,1,0,0
2827,1,0,0,0,0
2822,1,0,0,0,0
2828,1,0,0,0,0
2785,1,0,0,0,0
2829,0,0,1,0,0
2821,1,0,0,0,0
2832,1,0,0,0,0
2833,1,0,0,0,0
2830,1,0,0,0,0
2834,1,0,0,0,0
2836,0,0,1,0,0
2838,0,1,0,0,0
2839,0,0,1,0,0
2840,1,0,0,0,0
2843,0,0,1,0,0
2841,0,0,1,0,0
2844,0,1,0,0,0
2826,1,0,0,0,0
2846,1,0,0,0,0
2794,1,0,0,0,0
2831,1,0,0,0,0
2848,1,0,0,0,0
2849,0,0,1,0,0
2845,1,0,0,0,0
2850,1,0,0,0,0
2851,1,0,0,0,0
2852,1,0,0,0,0
2853,0,1,0,0,0
2835,0,0,1,0,0
2856,1,0,0,0,0
2855,1,0,0,0,0
2857,1,0,0,0,0
2858,0,1,0,0,0
2859,1,0,0,0,0
2860,1,0,0,0,0
2862,1,0,0,0,0
2854,1,0,0,0,0
2863,0,0,1,0,0
2864,0,0,1,0,0
2865,1,0,0,0,0
2866,1,0,0,0,0
2868,0,1,0,0,0
2869,1,0,0,0,0
2767,0,1,0,0,0
2870,0,1,0,0,0
2867,1,0,0,0,0
2871,1,0,0,0,0
2872,1,0,0,0,0
2873,1,0,0,0,0
2688,1,0,0,0,0
2861,0,0,1,0,0
2874,1,0,0,0,0
2875,1,0,0,0,0
2877,1,0,0,0,0
2878,0,0,1,0,0
2879,1,0,0,0,0
2880,0,0,1,0,0
2882,1,0,0,0,0
2881,0,1,0,0,0
2883,1,0,0,0,0
2884,0,0,1,0,0
2885,0,1,0,0,0
2886,0,1,0,0,0
2837,1,0,0,0,0
2876,1,0,0,0,0
2887,0,1,0,0,0
2888,1,0,0,0,0
2889,1,0,0,0,0
2891,1,0,0,0,0
2892,1,0,0,0,0
2893,0,1,0,0,0
2894,1,0,0,0,0
2895,1,0,0,0,0
2896,1,0,0,0,0
2898,1,0,0,0,0
2900,1,0,0,0,0
2901,1,0,0,0,0
2897,0,0,1,0,0
2904,0,1,0,0,0
2903,1,0,0,0,0
2905,1,0,0,0,0
2906,1,0,0,0,0
2908,1,0,0,0,0
2909,1,0,0,0,0
2910,0,1,0,0,0
2911,1,0,0,0,0
2912,1,0,0,0,0
2914,0,0,1,0,0
2915,0,0,1,0,0
2916,0,1,0,0,0
2917,1,0,0,0,0
2918,1,0,0,0,0
2920,1,0,0,0,0
2921,1,0,0,0,0
2923,0,0,1,0,0
2919,0,1,0,0,0
2922,1,0,0,0,0
2924,1,0,0,0,0
2925,0,0,1,0,0
2926,1,0,0,0,0
2927,1,0,0,0,0
2928,1,0,0,0,0
2930,0,0,1,0,0
2847,1,0,0,0,0
2932,1,0,0,0,0
2933,0,0,1,0,0
2935,1,0,0,0,0
2936,1,0,0,0,0
2937,0,0,1,0,0
2938,1,0,0,0,0
2939,0,1,0,0,0
2940,1,0,0,0,0
2941,1,0,0,0,0
2942,1,0,0,0,0
2943,1,0,0,0,0
2944,1,0,0,0,0
2945,0,1,0,0,0
2946,1,0,0,0,0
2947,1,0,0,0,0
2948,1,0,0,0,0
2656,0,0,1,0,0
2953,1,0,0,0,0
2931,0,0,1,0,0
2955,0,1,0,0,0
2956,0,0,1,0,0
2959,1,0,0,0,0
2961,0,1,0,0,0
2962,0,0,1,1,1
2963,1,0,0,0,0
2960,1,0,0,0,0
2964,1,0,0,0,0
2965,1,0,0,0,0
2968,0,0,1,0,0
2970,1,0,0,0,0
1975,1,0,0,0,0
2971,1,0,0,0,0
2972,0,1,0,0,0
2974,0,0,1,0,0
2899,1,0,0,0,0
2975,0,1,0,0,0
2976,0,0,1,0,0
2977,1,0,0,0,0
2978,1,0,0,0,0
2980,1,0,0,0,0
2934,1,0,0,0,0
2982,1,0,0,0,0
2929,0,0,1,0,0
2983,0,1,0,0,0
2984,1,0,0,0,0
2981,0,1,0,0,0
2985,1,0,0,0,0
2986,1,0,0,0,0
2973,1,0,0,0,0
2988,0,0,1,0,0
2989,0,0,1,0,0
2990,1,0,0,0,0
2991,1,0,0,0,0
2992,1,0,0,1,1
2993,1,0,0,0,0
2994,1,0,0,0,0
2952,0,0,1,0,0
2995,1,0,0,0,0
2997,1,0,0,0,0
2998,1,0,0,0,0
2999,1,0,0,0,0
3000,1,0,0,0,0
2987,1,0,0,0,0
3001,0,0,1,0,0
2996,0,0,1,0,0
3002,1,0,0,0,0
3005,0,0,1,0,0
3003,0,0,1,0,0
3008,1,0,0,0,0
3009,1,0,0,0,0
3010,1,0,0,0,0
3011,0,0,1,0,0
2950,1,0,0,0,0
3012,1,0,0,0,0
3013,1,0,0,0,0
3006,0,1,0,0,0
3015,1,0,0,0,0
3016,1,0,0,0,0
3017,1,0,0,0,0
3018,1,0,0,0,0
3019,0,0,1,0,0
3020,1,0,0,0,0
3021,1,0,0,0,0
2183,0,0,1,0,0
3022,1,0,0,0,0
3023,0,1,0,0,0
3025,1,0,0,0,0
3026,0,1,0,0,0
3027,1,0,0,0,0
3028,0,0,1,0,0
3029,1,0,0,0,0
3030,1,0,0,0,0
3031,0,1,0,0,0
3033,0,0,1,0,0
2402,1,0,0,0,0
3034,1,0,0,0,0
2969,1,0,0,0,0
3035,1,0,0,0,0
3036,1,0,0,0,0
3037,1,0,0,0,0
3038,1,0,0,0,0
3041,1,0,0,0,0
3040,1,0,0,0,0
3045,0,1,0,0,0
3046,1,0,0,0,0
3044,1,0,0,0,0
3048,1,0,0,0,0
3049,1,0,0,0,0
3050,1,0,0,0,0
3051,1,0,0,0,0
3052,1,0,0,0,0
3053,1,0,0,0,0
3054,0,1,0,0,0
3055,0,1,0,0,0
3058,1,0,0,0,0
3059,1,0,0,0,0
2949,0,0,1,0,0
3060,1,0,0,0,0
3063,0,1,0,0,0
3064,0,1,0,0,0
3065,1,0,0,0,0
3066,0,1,0,0,0
3067,1,0,0,0,0
3068,1,0,0,0,0
3070,1,0,0,0,0
3069,0,1,0,0,0
3073,0,1,0,0,0
3075,1,0,0,0,0
3076,1,0,0,0,0
3071,1,0,0,0,0
3077,1,0,0,0,0
3078,1,0,0,0,0
3080,1,0,0,0,0
3081,1,0,0,0,0
3082,1,0,0,0,0
3083,1,0,0,0,0
3084,1,0,0,0,0
2692,1,0,0,0,0
3056,1,0,0,0,0
3085,0,0,1,0,0
3086,0,1,0,0,0
3087,0,1,0,0,0
3088,0,1,0,0,0
3089,1,0,0,0,0
3090,1,0,0,0,0
2890,0,1,0,0,0
3092,1,0,0,0,0
3093,0,0,1,0,0
3094,1,0,0,0,0
3095,1,0,0,0,0
3097,1,0,0,0,0
3098,1,0,0,0,0
3099,0,1,0,0,0
3079,1,0,0,0,0
3102,1,0,0,0,0
3103,1,0,0,0,0
3104,1,0,0,0,0
3105,1,0,0,0,0
3106,1,0,0,0,0
3107,0,0,1,0,0
3108,0,0,1,0,0
3109,1,0,0,0,0
3110,0,0,1,0,0
3111,1,0,0,0,0
3112,0,1,0,0,0
3114,0,1,0,0,0
3115,1,0,0,0,0
3116,1,0,0,0,0
3117,0,0,1,0,0
3118,1,0,0,0,0
3119,1,0,0,0,0
3120,1,0,0,0,0
3122,1,0,0,0,0
3123,1,0,0,0,0
3124,0,0,1,0,0
3125,0,1,0,0,0
3127,1,0,0,0,0
3128,1,0,0,0,0
3129,1,0,0,0,0
3132,1,0,0,0,0
3047,1,0,0,0,0
3138,0,0,1,0,0
3139,0,1,0,0,0
3140,1,0,0,0,0
3141,1,0,0,0,0
3142,1,0,0,0,0
3145,1,0,0,0,0
3113,1,0,0,0,0
3146,1,0,0,0,0
3147,1,0,0,0,0
3148,1,0,0,0,0
3149,0,1,0,0,0
3150,1,0,0,0,0
3151,0,0,1,0,0
3144,1,0,0,0,0
3153,1,0,0,0,0
3154,1,0,0,0,0
3137,1,0,0,0,0
3155,1,0,0,0,0
3156,1,0,0,0,0
3136,1,0,0,0,0
3157,1,0,0,0,0
3158,1,0,0,0,0
3121,0,0,1,0,0
3159,1,0,0,0,0
3161,0,0,1,0,0
3163,1,0,0,0,0
3164,1,0,0,0,0
3165,1,0,0,0,0
3166,0,1,0,0,0
3162,1,0,0,0,0
3167,1,0,0,0,0
3169,1,0,0,0,0
3171,1,0,0,0,0
2759,1,0,0,0,0
3173,1,0,0,0,0
3174,0,0,1,0,0
3175,1,0,0,0,0
3176,1,0,0,0,0
3177,1,0,0,0,0
3178,1,0,0,0,0
3179,0,1,0,0,0
3180,0,1,0,0,0
3181,1,0,0,0,0
3172,1,0,0,0,0
3182,1,0,0,0,0
3183,0,1,0,0,0
3185,1,0,0,0,0
3184,1,0,0,0,0
3187,0,0,1,0,0
3188,0,1,0,0,0
3190,0,0,1,0,0
3191,0,1,0,0,0
3192,0,1,0,0,0
3024,0,0,1,0,0
3193,1,0,0,1,1
3194,0,0,1,0,0
3195,1,0,0,0,0
3196,1,0,0,0,0
3197,1,0,0,0,0
3198,0,0,1,0,0
3199,0,1,0,0,0
3200,0,1,0,0,0
3201,1,0,0,0,0
3202,1,0,0,0,0
3203,1,0,0,0,0
3204,0,0,1,0,0
2526,0,1,0,0,0
3205,0,1,0,0,0
3206,0,0,1,0,0
3208,1,0,0,0,0
3209,1,0,0,0,0
3210,0,1,0,0,0
3211,1,0,0,0,0
3212,1,0,0,0,0
3213,0,1,0,0,0
3214,0,0,1,0,0
3215,0,1,0,0,0
3061,0,1,0,0,0
3216,1,0,0,0,0
3217,0,1,0,0,0
3218,1,0,0,0,0
3219,0,1,0,0,0
3220,1,0,0,0,0
3221,1,0,0,0,0
3222,1,0,0,0,0
3223,0,0,1,0,0
3224,0,1,0,0,0
3226,0,0,1,0,0
3227,0,0,1,0,0
3228,1,0,0,0,0
3229,0,0,1,0,0
3230,0,0,1,0,0
3043,1,0,0,0,0
3231,0,0,1,0,0
3232,1,0,0,0,0
3233,0,1,0,0,0
3234,0,1,0,0,0
3235,1,0,0,0,0
3237,1,0,0,0,0
3238,0,1,0,0,0
3239,0,1,0,0,0
3240,1,0,0,0,0
3241,0,0,1,0,0
3225,1,0,0,0,0
3242,1,0,0,0,0
3243,0,0,1,0,0
3244,1,0,0,0,0
3032,1,0,0,0,0
3062,0,0,1,0,0
3245,0,0,1,0,0
3246,1,0,0,0,0
3248,1,0,0,0,0
3249,1,0,0,0,0
3207,1,0,0,0,0
3250,1,0,0,0,0
3251,1,0,0,0,0
3252,0,0,1,0,0
3253,0,1,0,0,0
3254,0,0,1,0,0
3255,0,1,0,0,0
3258,1,0,0,0,0
3259,1,0,0,0,0
3260,1,0,0,0,0
3261,1,0,0,0,0
3262,0,0,1,0,0
3263,1,0,0,0,0
3264,0,1,0,0,0
3265,1,0,0,0,0
2465,1,0,0,0,0
3266,1,0,0,0,0
3267,1,0,0,0,0
3269,0,0,1,0,0
3268,0,1,0,0,0
3270,1,0,0,0,0
3271,1,0,0,0,0
3274,1,0,0,0,0
3275,1,0,0,0,0
2958,1,0,0,0,0
3273,1,0,0,1,1
3276,0,0,1,0,0
3042,1,0,0,0,0
3277,1,0,0,0,0
3279,1,0,0,0,0
2913,1,0,0,0,0
3135,1,0,0,0,0
3072,1,0,0,0,0
3280,0,1,0,0,0
3281,0,1,0,0,0
3282,0,0,1,0,0
3283,1,0,0,0,0
3284,1,0,0,0,0
3285,0,0,1,0,0
3236,1,0,0,0,0
3286,1,0,0,0,0
3287,1,0,0,0,0
3289,1,0,0,0,0
3290,1,0,0,0,0
3291,0,1,0,0,0
3292,1,0,0,0,0
3294,0,0,1,0,0
3295,1,0,0,0,0
3296,1,0,0,0,0
3293,1,0,0,0,0
3297,1,0,0,0,0
3298,0,0,1,0,0
3299,1,0,0,0,0
3301,1,0,0,0,0
3091,1,0,0,0,0
3303,1,0,0,0,0
3304,1,0,0,0,0
3305,1,0,0,0,0
3306,1,0,0,0,0
3307,0,0,1,0,0
3308,0,1,0,0,0
3309,1,0,0,0,0
3312,0,0,1,0,0
3313,1,0,0,0,0
3310,0,0,1,0,0
3314,1,0,0,1,1
3257,1,0,0,0,0
3315,0,0,1,0,0
3316,1,0,0,0,0
3317,0,0,1,0,0
3318,0,1,0,0,0
3319,1,0,0,0,0
3320,1,0,0,0,0
3321,0,1,0,0,0
3322,1,0,0,0,0
3323,0,1,0,0,0
3324,1,0,0,0,0
3325,1,0,0,0,0
3327,0,1,0,0,0
3326,1,0,0,0,0
3329,1,0,0,0,0
3331,1,0,0,0,0
3332,1,0,0,0,0
3333,0,0,1,0,0
3334,1,0,0,0,0
3335,1,0,0,0,0
3336,1,0,0,0,0
3337,1,0,0,0,0
3338,1,0,0,0,0
3340,1,0,0,0,0
3341,1,0,0,0,0
3342,1,0,0,0,0
3343,1,0,0,0,0
3344,1,0,0,0,0
3345,1,0,0,0,0
3346,0,1,0,0,0
3347,1,0,0,0,0
3348,0,0,1,0,0
3349,1,0,0,0,0
3351,0,0,1,0,0
3352,1,0,0,0,0
3353,0,0,1,0,0
3354,0,1,0,0,0
3355,1,0,0,0,0
3357,1,0,0,0,0
3358,1,0,0,0,0
3359,1,0,0,0,0
3360,1,0,0,0,0
3361,0,1,0,0,0
3362,1,0,0,0,0
3363,1,0,0,0,0
3364,0,0,1,0,0
3365,1,0,0,0,0
3366,0,1,0,0,0
3368,1,0,0,0,0
3369,1,0,0,0,0
3371,1,0,0,0,0
3372,1,0,0,0,0
3373,0,1,0,0,0
3374,0,0,1,0,0
3375,0,1,0,0,0
3377,0,0,1,0,0
3378,1,0,0,0,0
2966,1,0,0,0,0
3379,0,0,1,0,0
3380,1,0,0,0,0
3382,1,0,0,0,0
3370,0,0,1,0,0
3383,0,1,0,0,0
3381,1,0,0,0,0
3384,1,0,0,0,0
3328,1,0,0,0,0
3376,0,0,1,0,0
3386,1,0,0,0,0
3387,0,1,0,0,0
3388,0,1,0,0,0
3390,1,0,0,0,0
3391,0,1,0,0,0
3393,1,0,0,0,0
3394,1,0,0,0,0
3395,1,0,0,0,0
3288,0,0,1,0,0
3396,1,0,0,0,0
3397,1,0,0,0,1
3367,0,0,1,0,0
3398,1,0,0,0,0
3385,1,0,0,0,0
3399,1,0,0,0,0
3400,0,1,0,0,0
3401,1,0,0,0,0
3403,0,0,1,0,0
3404,0,1,0,0,0
3405,0,1,0,0,0
3406,1,0,0,0,0
3407,0,0,1,0,0
3408,0,0,1,0,0
3409,0,1,0,0,0
3410,1,0,0,0,0
3411,1,0,0,0,0
3412,0,1,0,0,0
3414,0,0,1,0,0
3413,0,0,1,0,0
2902,0,0,1,0,0
3416,1,0,0,0,0
3417,1,0,0,0,0
3418,1,0,0,0,0
3419,0,1,0,0,0
3420,1,0,0,0,0
3421,0,1,0,0,0
3422,0,0,1,0,0
3423,1,0,0,0,0
3424,1,0,0,0,0
3426,1,0,0,0,0
3428,1,0,0,0,0
3430,1,0,0,0,0
3431,1,0,0,0,0
3432,1,0,0,0,0
3434,1,0,0,0,0
3435,0,1,0,0,0
3436,1,0,0,0,0
3437,1,0,0,0,0
3438,1,0,0,0,0
3170,1,0,0,0,0
3439,0,1,0,0,0
2652,0,1,0,0,0
3440,1,0,0,0,0
3433,0,1,0,0,0
3442,0,1,0,0,0
3441,0,0,1,0,0
3443,1,0,0,0,0
3444,0,1,0,0,0
3445,1,0,0,0,0
3446,1,0,0,0,0
3447,1,0,0,0,0
3448,1,0,0,0,0
3449,1,0,0,0,0
3392,1,0,0,0,0
3450,1,0,0,0,0
3311,1,0,0,0,0
3451,0,0,1,0,0
3452,0,1,0,0,0
3453,1,0,0,0,0
3455,1,0,0,0,0
3456,1,0,0,0,0
3457,1,0,0,0,0
3458,0,1,0,0,0
3459,0,1,0,0,0
3460,0,0,1,0,0
3462,0,1,0,0,0
3463,1,0,0,0,0
3465,0,1,0,0,0
3467,0,1,0,0,0
3468,1,0,0,0,0
3469,1,0,0,0,0
3470,1,0,0,0,0
3464,0,0,1,0,0
3471,1,0,0,0,0
3473,1,0,0,0,0
3474,1,0,0,0,0
3472,1,0,0,0,0
3475,1,0,0,0,0
3476,1,0,0,0,0
3247,1,0,0,0,0
3477,1,0,0,0,0
3478,1,0,0,0,0
3480,1,0,0,0,0
3481,0,0,1,0,0
3482,1,0,0,0,0
3483,1,0,0,0,0
3484,1,0,0,0,0
3485,0,0,1,0,0
3300,1,0,0,0,0
3143,1,0,0,0,0
3486,1,0,0,0,0
3487,1,0,0,0,0
3489,1,0,0,0,0
3490,0,0,1,0,0
3491,1,0,0,0,0
3492,0,1,0,0,0
3493,0,1,0,0,0
3494,1,0,0,0,0
3495,0,0,1,0,0
3454,1,0,0,0,0
3497,1,0,0,0,0
3498,0,1,0,0,0
3499,1,0,0,0,0
3500,1,0,0,0,0
3501,0,0,1,0,0
3502,1,0,0,0,0
3503,1,0,0,0,0
3466,0,0,1,0,0
3429,1,0,0,0,0
3504,0,1,0,0,0
3505,1,0,0,0,0
3506,1,0,0,0,0
3272,0,1,0,0,0
3507,1,0,0,0,0
3302,1,0,0,0,0
3427,1,0,0,0,0
3508,0,1,0,0,0
3509,1,0,0,0,0
3510,0,0,1,0,0
3511,1,0,0,0,0
3512,0,0,1,0,0
3514,0,1,0,0,0
3515,0,0,1,0,0
2050,1,0,0,0,0
3517,0,1,0,0,0
3518,1,0,0,0,0
3520,0,0,1,0,0
3521,1,0,0,0,0
3522,0,0,1,0,0
3523,1,0,0,0,0
3524,0,1,0,0,0
3525,1,0,0,0,0
3415,1,0,0,0,0
3513,1,0,0,0,0
3528,0,1,0,0,0
3529,0,0,1,0,0
3526,1,0,0,0,0
3532,1,0,0,0,0
3533,1,0,0,0,0
3536,1,0,0,0,0
3537,1,0,0,0,0
3538,0,1,0,0,0
3527,0,0,1,0,0
3539,1,0,0,0,0
3540,1,0,0,0,0
3542,1,0,0,0,0
3543,1,0,0,0,0
3541,0,0,1,0,0
3546,0,0,1,0,0
3545,1,0,0,0,0
3547,1,0,0,0,0
3548,1,0,0,0,0
3549,1,0,0,0,0
3496,1,0,0,0,0
3100,0,0,1,0,0
3550,1,0,0,0,0
3551,1,0,0,0,0
3553,0,1,0,0,0
3552,1,0,0,0,0
3554,1,0,0,0,0
3555,0,0,1,0,0
3556,1,0,0,0,0
3557,1,0,0,0,0
3558,1,0,0,0,0
3559,0,0,1,0,0
3560,0,0,1,0,0
3561,1,0,0,0,0
3562,1,0,0,0,0
3563,1,0,0,0,0
3564,1,0,0,0,0
3565,1,0,0,0,0
3566,0,1,0,0,0
3567,0,0,1,0,0
3568,0,0,1,0,0
3569,1,0,0,0,0
3570,1,0,0,0,0
3571,1,0,0,0,0
3516,1,0,0,0,0
3572,0,0,1,0,0
3126,1,0,0,0,0
3573,1,0,0,0,0
3574,1,0,0,0,0
3575,1,0,0,0,0
3576,1,0,0,0,0
3577,1,0,0,0,0
3578,0,1,0,0,0
3579,1,0,0,0,0
3581,0,1,0,0,0
3583,1,0,0,0,0
3584,1,0,0,0,0
3585,1,0,0,0,0
3586,0,0,1,0,0
2019,1,0,0,0,0
3587,1,0,0,0,0
3544,1,0,0,0,0
3588,1,0,0,0,0
3589,0,0,1,0,0
3580,1,0,0,0,0
3590,1,0,0,0,0
3591,0,1,0,0,0
3593,1,0,0,0,0
3594,0,1,0,0,0
3596,0,1,0,0,0
3597,0,1,0,0,0
3592,1,0,0,0,0
3599,1,0,0,0,0
3600,1,0,0,0,0
3601,1,0,0,0,0
3534,1,0,0,0,0
3602,0,1,0,0,0
3603,1,0,0,0,0
3604,1,0,0,0,0
3605,1,0,0,0,0
3606,1,0,0,0,0
3607,1,0,0,0,0
3608,0,1,0,0,0
3609,0,1,0,0,0
3610,0,1,0,0,0
3611,0,1,0,0,0
3612,0,0,1,0,0
3613,1,0,0,0,0
3614,0,1,0,0,0
3615,0,1,0,0,0
3616,1,0,0,0,0
3617,1,0,0,0,0
3618,1,0,0,0,0
3619,0,0,1,0,0
3620,1,0,0,0,0
3621,0,0,1,0,0
3622,0,0,1,0,0
3624,1,0,0,0,0
3625,1,0,0,0,0
3623,0,0,1,0,0
3626,1,0,0,0,0
3627,0,0,1,0,0
3628,1,0,0,0,0
3631,1,0,0,0,0
3632,0,1,0,0,0
3633,1,0,0,0,0
3634,1,0,0,0,0
3635,1,0,0,0,0
3629,1,0,0,0,0
3636,0,1,0,0,0
3637,0,0,1,0,0
3639,0,0,1,0,0
3519,0,0,1,0,0
3642,1,0,0,0,0
3643,1,0,0,0,0
3644,1,0,0,0,0
3645,0,0,1,0,0
3582,1,0,0,0,0
3646,0,0,1,0,0
3647,1,0,0,0,0
3641,0,1,0,0,0
3648,1,0,0,0,0
3650,1,0,0,0,0
3652,0,0,1,0,0
3653,1,0,0,0,0
3654,0,1,0,0,0
3655,1,0,0,0,0
3657,1,0,0,0,0
3658,0,0,1,0,0
3659,1,0,0,0,0
3531,0,1,0,0,0
3661,1,0,0,0,0
3535,0,0,1,0,0
3662,1,0,0,0,0
3663,1,0,0,0,0
3664,1,0,0,0,0
3665,1,0,0,0,0
3640,1,0,0,0,0
3666,0,0,1,0,0
3667,0,0,1,0,0
3668,0,0,1,0,0
3669,1,0,0,0,0
3671,0,1,0,0,0
3672,1,0,0,0,0
3673,0,1,0,0,0
3674,1,0,0,0,0
3675,1,0,0,0,0
3676,0,0,1,0,0
3670,1,0,0,0,0
3189,1,0,0,0,0
3677,1,0,0,0,0
3678,1,0,0,0,0
3679,1,0,0,0,0
3680,1,0,0,0,0
3681,1,0,0,0,0
3682,0,1,0,0,0
3630,1,0,0,0,0
3683,0,0,1,0,0
3684,0,0,1,0,0
3685,1,0,0,0,0
3686,0,0,1,0,0
3687,0,1,0,0,0
3688,1,0,0,0,0
3690,0,1,0,0,0
3691,1,0,0,0,0
3692,1,0,0,0,0
3693,1,0,0,0,0
3694,1,0,0,0,0
3695,0,0,1,0,0
3696,1,0,0,0,0
3656,0,0,1,0,0
2907,0,0,1,0,0
3697,1,0,0,0,0
3698,1,0,0,0,0
3700,1,0,0,0,0
3595,0,1,0,0,0
3701,0,1,0,0,0
3702,0,0,1,0,0
3074,1,0,0,0,0
3699,0,0,1,0,0
3704,0,1,0,0,0
3705,0,1,0,0,0
3706,1,0,0,0,0
3707,1,0,0,0,0
3708,0,0,1,0,0
3709,1,0,0,0,0
3710,1,0,0,0,0
3712,0,0,1,0,0
3713,1,0,0,0,0
3715,0,1,0,0,0
3716,0,0,1,0,0
3717,0,0,1,0,0
3718,1,0,0,0,0
3719,1,0,0,0,0
3649,1,0,0,0,1
3720,0,0,1,0,0
3689,1,0,0,0,0
3721,1,0,0,0,0
3722,1,0,0,0,0
3723,1,0,0,0,0
3724,0,1,0,0,0
3725,0,1,0,0,0
2431,0,1,0,0,0
3726,1,0,0,0,0
3727,0,1,0,0,0
3703,0,0,1,0,0
3714,1,0,0,0,0
3728,1,0,0,0,0
3729,1,0,0,0,0
3730,0,0,1,0,0
3731,1,0,0,0,0
3732,1,0,0,0,0
3733,0,1,0,0,0
3734,1,0,0,0,0
3735,0,1,0,0,0
3736,0,1,0,0,0
3737,0,1,0,0,0
3389,1,0,0,0,0
3738,1,0,0,0,0
3739,1,0,0,0,0
3740,1,0,0,0,0
3741,1,0,0,0,0
3742,1,0,0,0,0
3744,1,0,0,1,1
3160,1,0,0,0,0
3745,1,0,0,0,0
3660,1,0,0,0,0
3747,1,0,0,0,0
3749,1,0,0,0,0
3750,1,0,0,0,0
3751,1,0,0,0,0
3752,0,0,1,0,0
3753,1,0,0,0,0
3754,1,0,0,0,0
3755,1,0,0,0,0
3756,1,0,0,1,1
3757,0,1,0,1,1
3758,0,0,1,0,0
3759,1,0,0,1,1
3760,0,0,1,1,1
3761,0,0,1,0,0
3762,0,0,1,0,0
3763,1,0,0,0,0
3764,0,0,1,0,0
3765,1,0,0,0,0
3767,1,0,0,0,0
3766,1,0,0,0,0
3768,1,0,0,0,0
3769,1,0,0,0,0
3770,0,0,1,0,0
3771,1,0,0,0,0
3773,0,1,0,0,0
3774,1,0,0,0,0
3775,0,0,1,0,0
3776,1,0,0,0,0
3777,1,0,0,0,0
3778,1,0,0,0,0
3779,1,0,0,0,0
3781,0,1,0,0,0
3782,0,0,1,0,0
3783,0,0,1,0,0
3784,1,0,0,0,0
3786,1,0,0,0,0
3787,0,0,1,0,0
3788,1,0,0,0,0
3789,1,0,0,0,0
3790,1,0,0,0,0
3792,0,0,1,0,0
3793,0,1,0,0,0
3791,0,0,1,0,0
3794,1,0,0,0,0
3795,1,0,0,0,0
3785,0,0,1,0,0
3796,1,0,0,0,0
3798,1,0,0,0,0
3799,0,1,0,0,0
3800,1,0,0,0,0
3801,0,0,1,0,0
3802,0,0,1,0,0
3803,1,0,0,0,0
3804,1,0,0,0,0
3805,0,0,1,0,0
3807,1,0,0,0,0
3780,1,0,0,0,0
3808,1,0,0,0,0
3810,1,0,0,0,0
3811,0,0,1,0,0
3797,0,1,0,0,0
3812,1,0,0,0,0
3813,1,0,0,0,0
3814,0,1,0,0,0
3815,1,0,0,0,0
3806,0,1,0,0,0
3817,0,0,1,0,0
3818,1,0,0,0,0
3819,0,1,0,0,0
3822,0,1,0,0,0
3823,0,0,1,0,0
3825,1,0,0,0,0
3826,0,1,0,0,0
3828,1,0,0,0,0
3829,1,0,0,0,0
3830,1,0,0,0,0
3832,0,1,0,0,0
3835,0,0,1,0,0
3836,1,0,0,0,0
3838,1,0,0,0,0
3839,0,0,1,0,0
3840,0,1,0,0,0
3841,1,0,0,0,0
3842,0,1,0,0,0
3820,1,0,0,0,0
3843,1,0,0,0,0
3844,1,0,0,0,0
3824,1,0,0,0,0
3845,0,0,1,0,0
3846,1,0,0,0,0
3847,1,0,0,0,0
3848,1,0,0,0,0
3849,1,0,0,0,0
3746,1,0,0,0,0
3850,1,0,0,0,0
3851,0,1,0,0,0
3852,1,0,0,0,0
3853,0,0,1,0,0
3854,1,0,0,0,0
3816,1,0,0,0,0
3855,0,0,1,0,0
3856,0,1,0,0,0
3857,1,0,0,0,0
3858,0,1,0,0,0
3859,1,0,0,0,1
3860,1,0,0,0,0
3861,0,1,0,0,0
3863,1,0,0,0,0
3864,0,0,1,0,0
3865,0,1,0,0,0
3748,1,0,0,0,0
3867,0,1,0,0,0
3868,1,0,0,0,0
3869,0,0,1,0,0
3834,1,0,0,0,0
3870,1,0,0,0,0
3871,1,0,0,0,0
3872,0,1,0,0,0
2954,1,0,0,0,0
3873,1,0,0,0,0
3874,0,1,0,0,0
3875,1,0,0,0,0
3876,1,0,0,0,0
3877,1,0,0,0,0
3878,1,0,0,0,0
3879,0,0,1,0,0
3880,0,0,1,0,0
3881,0,0,1,0,0
3882,1,0,0,0,0
3883,1,0,0,0,0
3885,1,0,0,0,0
3886,1,0,0,0,0
3887,0,0,1,0,0
3888,0,1,0,0,0
3889,0,1,0,0,0
3890,1,0,0,0,0
3168,1,0,0,0,0
3891,1,0,0,0,0
3892,1,0,0,0,0
3893,0,0,1,0,0
3895,1,0,0,0,0
3896,1,0,0,0,0
3897,1,0,0,0,0
3898,1,0,0,0,0
3821,0,0,1,0,0
3899,1,0,0,0,0
3900,1,0,0,0,0
3901,0,1,0,0,0
3902,1,0,0,0,0
3903,0,0,1,0,0
3904,1,0,0,0,0
3905,1,0,0,0,0
3906,0,0,1,0,0
3907,1,0,0,0,0
3908,0,0,1,0,0
3910,1,0,0,0,0
3911,0,1,0,0,0
3912,0,0,1,0,0
3913,1,0,0,0,0
3894,0,1,0,0,0
3914,1,0,0,0,0
3916,0,0,1,0,0
3917,1,0,0,0,0
3918,1,0,0,0,0
3919,0,1,0,0,0
3920,0,1,0,0,0
3922,1,0,0,0,0
3923,1,0,0,0,0
3924,1,0,0,0,0
3925,1,0,0,0,0
3927,1,0,0,0,0
3928,1,0,0,0,0
3929,1,0,0,0,0
3134,1,0,0,0,0
3931,1,0,0,0,0
3932,0,1,0,0,0
3256,1,0,0,0,0
3938,1,0,0,0,0
3940,0,0,1,0,0
3944,1,0,0,0,0
3945,0,1,0,0,0
3950,1,0,0,0,0
3951,1,0,0,0,0
3953,0,1,0,0,0
3955,0,0,1,0,0
3958,0,1,0,0,0
3959,0,1,0,0,0
3966,0,0,1,0,0
3967,1,0,0,0,0
3968,1,0,0,0,0
3970,1,0,0,0,0
3862,1,0,0,0,0
3972,1,0,0,0,0
3866,1,0,0,0,0
3973,1,0,0,0,0
3974,1,0,0,0,0
3884,1,0,0,0,0
3975,1,0,0,0,0
3976,1,0,0,0,0
3977,1,0,0,0,0
3978,1,0,0,0,0
3979,1,0,0,0,0
3980,0,1,0,0,0
3981,0,1,0,0,0
3982,0,0,1,0,0
3983,1,0,0,0,0
3984,1,0,0,0,0
3985,1,0,0,0,0
3986,0,1,0,0,0
3987,0,1,0,0,0
3989,1,0,0,0,0
3990,0,0,1,0,0
3991,0,1,0,0,0
3952,0,0,1,0,0
3993,0,0,1,0,0
3995,0,1,0,0,0
3996,1,0,0,0,0
3997,0,1,0,0,0
3998,0,1,0,0,0
3999,1,0,0,0,0
4000,1,0,0,0,0
4001,0,0,1,0,0
4002,0,1,0,0,0
3479,1,0,0,0,0
4003,1,0,0,0,0
4004,1,0,0,0,0
4005,1,0,0,0,0
4006,1,0,0,0,0
4008,1,0,0,0,0
4007,1,0,0,0,0
4010,1,0,0,0,0
4011,0,0,1,0,0
4012,0,1,0,0,0
3994,0,1,0,0,0
4013,0,1,0,0,0
4014,1,0,0,0,0
4015,1,0,0,0,0
4016,0,0,1,0,0
4017,1,0,0,0,0
4018,1,0,0,0,0
3988,1,0,0,0,0
4019,1,0,0,0,0
3651,1,0,0,0,0
4020,1,0,0,0,0
4022,1,0,0,0,0
4023,1,0,0,0,0
4024,1,0,0,0,0
4025,1,0,0,0,0
4026,1,0,0,0,0
4027,1,0,0,0,0
4028,1,0,0,0,0
4029,1,0,0,0,0
4033,0,1,0,0,0
4034,1,0,0,0,0
4032,0,0,1,0,0
4035,1,0,0,0,0
4030,1,0,0,0,0
4036,0,0,1,0,0
4037,0,0,1,0,0
4038,1,0,0,0,0
4039,1,0,0,0,0
4040,1,0,0,0,0
3915,1,0,0,0,0
4031,1,0,0,0,0
4041,1,0,0,0,0
4042,1,0,0,0,0
4043,0,0,1,0,0
4044,0,0,1,0,0
4045,0,1,0,0,0
4046,1,0,0,0,0
4047,1,0,0,0,0
4048,1,0,0,0,0
4049,1,0,0,0,0
4050,0,1,0,0,0
4051,0,1,0,0,0
4052,1,0,0,0,0
4053,1,0,0,0,0
4054,0,0,1,0,0
4055,1,0,0,0,0
4056,0,0,1,0,0
4057,0,1,0,0,0
4058,1,0,0,0,0
4059,0,0,1,0,0
4060,0,1,0,0,0
4061,0,1,0,0,0
4062,1,0,0,0,0
4063,0,0,1,0,0
4064,0,0,1,0,0
4066,1,0,0,0,0
4065,1,0,0,0,0
4067,0,1,0,0,0
3936,1,0,0,0,0
3942,1,0,0,0,0
3943,1,0,0,0,0
4069,1,0,0,0,0
4070,0,1,0,0,0
3131,1,0,0,0,0
4071,1,0,0,0,0
4072,1,0,0,0,0
3130,1,0,0,0,0
4074,1,0,0,0,0
4076,0,1,0,0,0
4077,1,0,0,0,0
3831,1,0,0,0,0
4078,1,0,0,0,0
4079,1,0,0,0,0
4080,0,0,1,0,0
4081,1,0,0,0,0
4082,0,1,0,0,0
4083,0,1,0,0,0
4084,0,1,0,0,0
3909,1,0,0,0,0
4085,1,0,0,0,0
4086,0,0,1,0,0
3827,1,0,0,0,0
4087,1,0,0,0,0
4075,0,0,1,0,0
4089,1,0,0,0,0
4090,1,0,0,0,0
4091,1,0,0,0,0
3101,0,0,1,0,0
4092,0,1,0,0,0
4093,0,0,1,0,0
4094,1,0,0,0,0
4095,0,1,0,0,0
4096,1,0,0,0,0
3488,0,1,0,0,0
4097,0,1,0,0,0
4099,1,0,0,0,0
4100,0,0,1,0,0
4101,0,1,0,0,0
4102,1,0,0,0,0
4104,1,0,0,0,0
3948,0,0,1,0,0
4105,0,0,1,0,0
3971,1,0,0,0,0
4106,0,1,0,0,0
4108,1,0,0,0,0
4109,0,0,1,0,0
4110,0,0,1,0,0
3096,0,0,1,0,0
4111,1,0,0,0,0
4112,1,0,0,0,0
4113,0,0,1,0,0
4114,0,0,1,0,0
4115,0,1,0,0,0
4116,1,0,0,0,0
4117,0,0,1,0,0
4118,1,0,0,0,0
4119,0,0,1,0,0
3935,1,0,0,0,0
4120,0,1,0,0,0
4121,1,0,0,0,0
4122,1,0,0,0,0
4123,0,0,1,0,0
4124,1,0,0,0,0
4125,1,0,0,0,0
4126,1,0,0,0,0
4127,1,0,0,0,0
4128,0,0,1,0,0
4129,1,0,0,0,0
4130,1,0,0,0,0
4131,0,0,1,0,0
4132,0,0,1,0,0
4133,1,0,0,0,0
4134,0,0,1,0,0
4135,0,0,1,0,0
4088,1,0,0,0,0
4136,0,1,0,0,0
4137,0,0,1,0,0
4138,1,0,0,0,0
4140,0,1,0,0,0
4139,1,0,0,0,0
4142,0,1,0,0,0
4143,0,0,1,0,0
4144,1,0,0,0,1
4141,1,0,0,0,0
4107,0,1,0,0,0
4145,0,1,0,0,0
4146,0,0,1,0,0
4147,1,0,0,0,0
4148,1,0,0,0,0
4149,1,0,0,0,0
4150,1,0,0,0,0
4151,1,0,0,0,0
4152,1,0,0,0,0
4153,0,0,1,0,0
4154,0,1,0,0,0
4155,0,0,1,0,0
4156,1,0,0,0,0
4157,1,0,0,0,1
4158,1,0,0,0,0
4159,0,0,1,0,0
4160,1,0,0,0,0
4161,1,0,0,0,0
4162,0,0,1,0,0
3711,1,0,0,0,0
4163,1,0,0,0,0
4164,0,0,1,0,0
4165,1,0,0,0,0
4168,1,0,0,0,0
4169,1,0,0,0,0
4170,0,0,1,0,0
4171,1,0,0,0,0
4173,1,0,0,0,0
4174,0,0,1,0,0
4175,1,0,0,0,0
4177,1,0,0,0,0
4178,1,0,0,0,0
4179,0,1,0,0,0
4180,0,0,1,0,0
4181,0,1,0,0,0
4182,0,0,1,0,0
4183,1,0,0,0,0
4184,0,0,1,0,0
4103,1,0,0,0,0
4185,1,0,0,0,0
4186,1,0,0,0,0
4187,1,0,0,0,0
4188,1,0,0,0,0
4172,1,0,0,0,1
4098,1,0,0,0,0
4191,1,0,0,0,0
4192,1,0,0,0,0
4190,1,0,0,0,0
4195,0,0,1,0,0
4196,1,0,0,0,0
4198,1,0,0,0,0
4199,1,0,0,0,0
4200,0,0,1,0,0
4201,1,0,0,0,0
4166,1,0,0,0,0
4202,1,0,0,0,0
4203,1,0,0,0,0
4204,0,1,0,0,0
4205,0,0,1,0,0
4206,0,1,0,0,0
4208,1,0,0,0,0
4197,1,0,0,0,0
4209,1,0,0,0,0
4210,1,0,0,0,0
4211,1,0,0,0,0
4212,1,0,0,0,0
4213,0,1,0,0,0
4215,1,0,0,0,0
4216,0,0,1,0,0
4217,1,0,0,0,0
4218,1,0,0,0,0
4219,1,0,0,0,0
4220,1,0,0,0,0
3926,1,0,0,0,0
4221,1,0,0,0,0
3921,1,0,0,0,0
4224,1,0,0,0,0
4226,1,0,0,0,0
4227,1,0,0,0,0
4214,0,0,1,0,0
4228,1,0,0,0,0
4229,0,0,1,0,0
4230,0,1,0,0,0
3743,0,1,0,0,0
4231,1,0,0,0,0
4232,0,0,1,0,0
4233,0,0,1,0,0
4225,1,0,0,0,0
4234,1,0,0,0,0
4235,1,0,0,0,0
4167,1,0,0,0,0
4236,1,0,0,0,0
4237,1,0,0,0,0
4238,1,0,0,0,1
4239,1,0,0,0,0
4240,1,0,0,0,0
4241,0,1,0,0,0
4242,0,0,1,0,0
4243,1,0,0,0,0
4244,0,0,1,0,0
4245,1,0,0,0,0
4246,1,0,0,0,0
4250,0,0,1,0,0
4251,0,0,1,0,0
4253,1,0,0,0,0
4249,1,0,0,0,0
4255,1,0,0,0,0
4256,1,0,0,0,0
4257,1,0,0,0,0
4259,0,1,0,0,0
4261,1,0,0,0,0
4262,1,0,0,0,0
4263,1,0,0,0,0
4264,1,0,0,0,0
4265,1,0,0,0,0
4266,1,0,0,0,0
4267,1,0,0,0,0
4268,1,0,0,0,0
4269,0,0,1,0,0
4176,1,0,0,0,0
4270,1,0,0,0,0
4271,1,0,0,0,0
4274,1,0,0,0,0
4275,0,0,1,1,1
4189,1,0,0,0,0
4258,1,0,0,0,0
4276,0,1,0,0,0
4252,1,0,0,0,0
4277,0,0,1,0,0
4278,0,1,0,0,0
4279,1,0,0,0,0
4280,0,0,1,0,0
4282,1,0,0,0,0
4283,1,0,0,0,0
4281,1,0,0,0,0
4284,1,0,0,0,0
4285,1,0,0,0,0
4286,1,0,0,0,0
4287,1,0,0,0,0
4288,0,1,0,0,0
4289,1,0,0,0,0
4291,1,0,0,0,0
4292,1,0,0,0,0
4293,1,0,0,0,0
4294,1,0,0,0,0
4295,1,0,0,0,0
4296,1,0,0,0,0
4297,1,0,0,0,0
4298,1,0,0,0,0
4299,1,0,0,0,0
4247,0,0,1,0,0
4300,1,0,0,0,0
4301,0,1,0,0,0
4302,1,0,0,0,0
4303,0,0,1,0,0
4304,1,0,0,0,0
4290,1,0,0,0,0
4305,1,0,0,0,0
4306,1,0,0,0,0
4307,0,0,1,0,0
4309,1,0,0,0,0
4310,1,0,0,0,0
4311,0,1,0,0,0
4222,1,0,0,0,0
4312,0,1,0,0,0
4313,1,0,0,0,0
4314,1,0,0,0,0
4254,1,0,0,0,0
4315,1,0,0,0,0
4316,1,0,0,0,0
4317,0,1,0,0,0
4318,1,0,0,0,0
4319,1,0,0,0,0
4320,0,1,0,0,0
4321,1,0,0,0,0
4323,1,0,0,0,0
4273,0,0,1,0,0
4324,1,0,0,0,0
4325,0,1,0,0,0
3330,1,0,0,0,0
4326,0,1,0,0,0
4327,1,0,0,0,0
4328,1,0,0,0,0
4329,0,1,0,0,0
4330,1,0,0,0,0
4331,1,0,0,0,0
4333,1,0,0,0,0
4334,0,0,1,0,0
4335,0,1,0,0,0
4337,0,0,1,0,0
4339,0,0,1,0,0
4342,0,0,1,0,0
4207,1,0,0,0,0
4343,1,0,0,0,0
4344,1,0,0,0,0
4345,1,0,0,0,0
4346,1,0,0,0,0
4347,0,0,1,0,0
4348,1,0,0,0,0
4349,1,0,0,0,0
4336,1,0,0,0,0
4350,1,0,0,1,1
4351,1,0,0,0,0
4352,0,0,1,0,0
4353,1,0,0,0,0
4354,0,0,1,0,0
4355,1,0,0,0,0
4356,1,0,0,0,1
4360,0,0,1,0,0
4361,0,0,1,0,0
4362,1,0,0,0,0
4364,0,0,1,0,0
4365,1,0,0,0,0
4366,1,0,0,0,0
4363,0,1,0,0,0
4367,1,0,0,0,0
4368,1,0,0,0,0
4369,1,0,0,0,0
4371,1,0,0,0,0
4372,0,0,1,0,0
4370,0,1,0,0,0
4373,0,0,1,0,0
4248,1,0,0,0,0
4374,0,1,0,0,0
4375,1,0,0,0,0
4376,1,0,0,0,0
4377,0,1,0,0,0
4378,1,0,0,0,0
4379,1,0,0,0,0
4381,0,0,1,0,0
4382,1,0,0,0,0
4359,1,0,0,0,0
4383,1,0,0,0,0
4384,0,0,1,0,0
4385,1,0,0,0,0
4386,1,0,0,0,0
4387,1,0,0,0,0
4388,1,0,0,0,0
4389,0,0,1,0,0
4390,1,0,0,0,0
4391,1,0,0,0,0
4380,0,0,1,0,0
4392,0,1,0,0,0
4393,0,0,1,0,0
4394,0,1,0,0,0
4395,0,0,1,0,0
4396,1,0,0,0,0
4397,1,0,0,0,0
4398,1,0,0,0,0
4399,1,0,0,0,0
4401,1,0,0,0,0
4403,0,0,1,0,0
4404,1,0,0,0,0
4405,1,0,0,0,0
4406,0,1,0,0,0
4402,0,1,0,0,0
4408,1,0,0,0,0
4410,1,0,0,0,0
4407,0,1,0,0,0
4411,1,0,0,0,0
4412,1,0,0,0,0
4413,1,0,0,0,0
4414,1,0,0,0,0
4415,1,0,0,0,0
4322,1,0,0,0,0
4416,1,0,0,0,0
4417,1,0,0,0,0
4418,1,0,0,0,0
4419,0,1,0,0,0
4420,1,0,0,0,0
4421,0,1,0,0,0
4422,0,0,1,0,0
4423,1,0,0,0,0
4424,1,0,0,0,0
4425,1,0,0,0,0
4409,0,0,1,0,0
4426,1,0,0,0,0
4427,1,0,0,0,0
4428,1,0,0,0,0
4429,1,0,0,0,0
4431,1,0,0,0,0
4432,0,1,0,0,0
4433,1,0,0,0,0
4435,0,0,1,0,0
4436,1,0,0,0,0
4437,0,1,0,0,0
4438,1,0,0,0,0
4439,0,0,1,0,0
3837,0,1,0,0,0
4400,0,1,0,0,0
4440,1,0,0,0,0
4441,0,0,1,0,0
4442,1,0,0,0,0
4443,1,0,0,0,0
4444,1,0,0,0,0
4445,0,0,1,0,0
4446,1,0,0,0,0
4430,1,0,0,0,0
4447,1,0,0,0,0
4448,0,1,0,0,0
4434,1,0,0,0,0
4449,1,0,0,0,0
4450,0,1,0,0,0
4451,1,0,0,0,0
4452,1,0,0,0,0
4453,1,0,0,0,0
4454,1,0,0,0,0
4455,1,0,0,0,0
4456,0,0,1,0,0
4457,0,1,0,0,0
4460,1,0,0,0,0
4308,0,1,0,0,0
4462,1,0,0,0,0
4463,1,0,0,0,0
4459,0,0,1,0,0
4464,1,0,0,0,0
4465,1,0,0,0,0
4466,0,1,0,0,0
4468,1,0,0,0,0
4469,1,0,0,0,0
4470,1,0,0,0,0
4471,0,0,1,0,0
4472,0,0,1,0,0
4473,1,0,0,0,0
4474,1,0,0,0,0
4475,1,0,0,0,0
4476,1,0,0,0,0
4477,0,0,1,0,0
4478,0,1,0,0,0
4479,1,0,0,0,0
4481,1,0,0,0,0
4480,0,1,0,0,0
4482,1,0,0,0,0
4467,0,0,1,0,0
4483,1,0,0,0,0
4484,0,1,0,0,0
4485,0,1,0,0,0
4486,1,0,0,0,0
4487,1,0,0,0,0
4488,1,0,0,0,0
4489,1,0,0,0,0
4490,1,0,0,0,0
4491,1,0,0,0,0
4492,0,1,0,0,0
4493,1,0,0,0,0
4494,1,0,0,0,0
4497,0,1,0,0,0
4495,0,0,1,0,0
4496,1,0,0,0,0
4498,0,0,1,0,0
4499,1,0,0,0,0
4501,0,0,1,0,0
4502,1,0,0,0,0
4503,0,0,1,0,0
4504,0,1,0,0,0
4505,1,0,0,0,0
4506,0,0,1,0,0
4507,1,0,0,0,0
4508,1,0,0,0,0
4458,1,0,0,0,0
4509,0,0,1,0,0
4511,1,0,0,0,0
4512,1,0,0,0,0
4513,0,0,1,0,0
4514,1,0,0,0,0
4515,0,1,0,0,0
4517,0,0,1,0,0
4519,1,0,0,0,0
4520,0,1,0,0,0
4523,1,0,0,0,0
4524,1,0,0,0,0
4525,1,0,0,0,0
4526,1,0,0,0,0
4527,0,0,1,0,0
4528,1,0,0,0,0
4521,1,0,0,0,0
4530,1,0,0,0,0
4531,0,0,1,1,1
4532,1,0,0,0,0
4533,0,0,1,0,0
4522,0,0,1,0,0
4534,0,1,0,0,0
4535,1,0,0,0,0
4537,1,0,0,0,0
4539,1,0,0,0,0
4529,1,0,0,0,0
4540,0,0,1,0,0
4541,1,0,0,0,0
4542,1,0,0,0,0
4543,1,0,0,0,0
4544,0,1,0,0,0
4545,1,0,0,0,0
4546,0,0,1,0,0
4547,0,1,0,0,0
4548,1,0,0,0,0
4549,1,0,0,0,0
4550,1,0,0,0,0
4551,1,0,0,0,0
4552,1,0,0,0,0
4553,0,0,1,0,0
4555,1,0,0,0,0
4556,1,0,0,0,0
4557,1,0,0,0,0
4560,1,0,0,0,0
4563,0,1,0,0,0
4564,0,1,0,0,0
4559,1,0,0,0,0
4565,1,0,0,0,0
4538,1,0,0,0,0
4567,1,0,0,0,0
4568,1,0,0,0,0
4518,1,0,0,0,0
4569,1,0,0,0,0
4570,0,0,1,0,0
4571,1,0,0,0,0
4572,1,0,0,0,0
4554,0,0,1,0,0
4574,1,0,0,0,0
4576,0,0,1,0,0
4577,1,0,0,0,0
4578,0,1,0,0,0
4579,0,0,1,0,0
4580,1,0,0,0,0
4581,1,0,0,0,0
4536,0,0,1,0,0
4582,1,0,0,0,0
4583,1,0,0,0,0
4584,1,0,0,0,0
4585,1,0,0,0,0
4586,1,0,0,0,0
4588,0,0,1,0,0
4589,0,1,0,0,0
4590,1,0,0,0,0
4591,1,0,0,0,0
4592,0,0,1,0,0
4587,0,0,1,1,1
4593,0,0,1,0,0
4594,1,0,0,0,0
4595,1,0,0,0,0
4596,0,1,0,0,0
4597,0,0,1,0,0
4598,1,0,0,0,0
4599,1,0,0,0,0
4600,1,0,0,0,0
4601,0,1,0,0,0
4602,1,0,0,0,0
4603,1,0,0,1,1
4566,1,0,0,0,0
4606,1,0,0,0,0
4607,1,0,0,0,0
4608,0,1,0,0,0
4609,1,0,0,0,0
4604,0,1,0,0,0
4605,0,0,1,0,0
4612,1,0,0,0,0
4613,1,0,0,0,0
4614,0,0,1,1,1
4616,0,1,0,0,0
4617,1,0,0,0,0
4558,1,0,0,0,0
4619,0,0,1,0,0
4620,0,1,0,0,0
4621,1,0,0,0,0
4618,0,0,1,0,0
4622,1,0,0,0,0
4623,0,1,0,0,0
4611,1,0,0,0,0
4624,1,0,0,0,0
4625,1,0,0,0,0
4626,0,1,0,0,0
4627,1,0,0,0,0
4628,1,0,0,0,0
4629,1,0,0,0,0
4630,1,0,0,0,0
4631,1,0,0,0,0
4632,1,0,0,0,0
4633,1,0,0,0,0
4634,1,0,0,0,0
4635,1,0,0,0,0
4636,0,1,0,0,0
4637,1,0,0,0,0
4562,1,0,0,0,0
4639,1,0,0,0,0
4640,0,0,1,0,0
4641,0,0,1,0,0
4642,1,0,0,0,0
4643,1,0,0,0,0
4461,1,0,0,0,0
4644,1,0,0,0,0
4645,1,0,0,1,1
4646,1,0,0,1,1
4647,1,0,0,0,0
4638,1,0,0,0,0
4649,1,0,0,0,0
4650,0,1,0,0,0
4651,1,0,0,0,0
4652,1,0,0,0,0
4653,0,0,1,0,0
4654,1,0,0,1,1
4655,1,0,0,0,0
4656,1,0,0,0,0
4657,1,0,0,0,0
4658,1,0,0,0,0
4659,1,0,0,0,0
4660,1,0,0,0,0
4661,0,1,0,1,1
4662,1,0,0,1,1
4663,1,0,0,1,1
4664,1,0,0,1,1
4665,0,0,1,0,0
4666,1,0,0,1,1
4667,1,0,0,1,1
4668,1,0,0,1,1
4670,1,0,0,0,0
4669,1,0,0,1,1
4671,1,0,0,0,0
4672,1,0,0,1,1
4673,1,0,0,1,1
4674,1,0,0,0,0
4675,1,0,0,1,1
4676,1,0,0,1,1
4677,1,0,0,1,1
4678,1,0,0,1,1
4680,1,0,0,1,1
4679,1,0,0,1,1
4681,1,0,0,1,1
4682,0,1,0,0,0
4683,1,0,0,1,1
4684,0,0,1,1,1
4685,1,0,0,0,0
4686,1,0,0,1,1
4687,0,1,0,1,1
4688,0,1,0,1,1
4690,1,0,0,0,0
4691,0,1,0,0,0
4692,1,0,0,0,0
4693,0,1,0,0,0
4694,0,1,0,0,0
4695,0,0,1,0,0
4696,0,0,1,0,0
4697,1,0,0,0,0
4698,0,0,1,0,0
4699,0,1,0,0,0
4700,1,0,0,0,0
4701,0,0,1,1,1
4702,1,0,0,0,0
4703,1,0,0,0,0
4704,0,0,1,0,0
4705,1,0,0,0,0
4706,0,0,1,0,0
4707,1,0,0,1,1
3425,1,0,0,0,0
4708,1,0,0,0,0
4709,1,0,0,0,0
4728,1,0,0,0,0
4729,1,0,0,0,0
4730,0,0,1,0,0
4731,1,0,0,0,0
4732,0,1,0,0,0
4610,0,0,1,0,0
4689,0,0,1,0,0
4516,1,0,0,0,0
4733,1,0,0,0,0
4734,1,0,0,0,0
4735,1,0,0,0,0
4736,0,0,1,0,0
4737,1,0,0,0,0
4738,0,0,1,0,0
4739,1,0,0,1,1
4741,1,0,0,1,1
4742,1,0,0,1,1
4743,1,0,0,1,1
4744,1,0,0,1,1
4573,1,0,0,0,0
4746,1,0,0,1,1
4740,0,0,1,0,0
4745,1,0,0,0,0
4747,1,0,0,1,1
4748,1,0,0,0,0
4749,1,0,0,0,0
4750,1,0,0,0,0
4751,0,1,0,0,0
4752,1,0,0,0,0
4753,1,0,0,0,0
4754,1,0,0,0,0
4755,0,1,0,0,0
4756,1,0,0,0,0
4757,0,1,0,0,0
4758,1,0,0,0,0
4759,1,0,0,0,0
4760,1,0,0,0,0
4761,1,0,0,0,0
4762,0,0,1,0,0
4763,1,0,0,0,0
4764,1,0,0,0,0
4765,1,0,0,0,0
4766,0,1,0,1,1
3957,1,0,0,0,0
4768,1,0,0,0,0
2413,1,0,0,0,0
4648,1,0,0,0,0
4769,1,0,0,0,0
4770,0,0,1,0,0
4771,1,0,0,0,0
4772,0,1,0,0,0
4767,0,1,0,0,0
4773,1,0,0,0,0
4774,0,0,1,0,0
4775,0,0,1,0,0
4776,1,0,0,0,0
3278,1,0,0,0,1
4778,0,1,0,0,0
4779,1,0,0,0,0
4357,1,0,0,0,0
3969,0,1,0,0,0
4358,0,1,0,0,0
4710,0,1,0,0,0
4780,0,1,0,0,0
3965,1,0,0,0,0
3964,1,0,0,0,0
3963,1,0,0,0,0
3133,1,0,0,0,0
4338,1,0,0,0,0
3962,0,1,0,0,0
4711,1,0,0,0,0
4712,1,0,0,0,0
3961,1,0,0,0,0
4713,0,1,0,0,0
4714,1,0,0,0,0
4715,1,0,0,0,0
3960,1,0,0,0,0
4341,1,0,0,0,0
4716,1,0,0,0,0
3956,0,1,0,0,0
3954,0,0,1,0,0
4781,0,0,1,0,0
4340,0,0,1,0,0
4717,1,0,0,0,0
4782,1,0,0,0,0
4718,1,0,0,0,0
4719,1,0,0,0,0
3949,1,0,0,0,0
4783,0,0,1,0,0
3947,1,0,0,0,0
4784,0,1,0,0,0
3946,0,0,1,0,0
4720,1,0,0,0,0
4785,0,0,1,0,0
4073,1,0,0,0,0
4721,1,0,0,0,0
4786,1,0,0,0,0
4722,1,0,0,0,0
4723,1,0,0,0,0
3941,1,0,0,0,0
4068,1,0,0,0,0
3939,1,0,0,0,0
3937,1,0,0,0,0
4724,1,0,0,0,0
3934,1,0,0,0,0
3933,1,0,0,0,0
4725,1,0,0,0,0
4726,1,0,0,0,0
4727,0,0,1,0,0
3930,0,1,0,0,0
4787,0,0,1,0,0
4788,0,1,0,0,0
4789,1,0,0,0,0
4790,1,0,0,0,0
4791,0,1,0,0,0
4792,1,0,0,0,0
4793,1,0,0,0,0
4777,0,0,1,0,0
4794,1,0,0,0,0
4795,1,0,0,0,0
4796,0,1,0,0,0
4797,1,0,0,0,0
4798,1,0,0,0,0
4799,1,0,0,0,0
4800,0,1,0,0,0
4801,1,0,0,0,0
4803,0,0,1,0,0
4804,1,0,0,0,0
4805,0,1,0,0,0
4806,1,0,0,0,0
4807,0,0,1,0,0
4809,1,0,0,0,0
4810,0,1,0,0,0
4802,1,0,0,0,0
4812,0,1,0,0,0
4813,1,0,0,0,0
4814,0,0,1,0,0
4816,0,1,0,0,0
4818,1,0,0,0,0
4819,0,1,0,0,0
4820,1,0,0,0,0
4821,1,0,0,0,0
4823,1,0,0,0,0
4824,1,0,0,0,0
4825,0,1,0,0,0
4826,1,0,0,0,0
4828,0,1,0,0,0
4829,0,1,0,0,0
4830,0,1,0,0,0
4831,0,1,0,0,0
4832,0,1,0,0,0
4833,0,0,1,0,1
4834,1,0,0,0,0
4835,0,0,1,0,0
4836,0,0,1,0,0
4837,0,0,1,0,0
4838,1,0,0,0,0
4839,1,0,0,0,0
4840,1,0,0,0,0
4842,1,0,0,0,0
4843,1,0,0,0,0
4844,0,1,0,0,0
4845,1,0,0,0,0
4846,0,1,0,0,0
4847,1,0,0,0,0
4848,0,0,1,0,0
4849,1,0,0,0,0
4851,1,0,0,0,0
4852,1,0,0,0,1
4853,1,0,0,0,0
4854,0,0,1,0,0
4855,1,0,0,0,0
4850,1,0,0,0,0
4856,0,1,0,0,0
4841,0,1,0,0,0
4857,0,1,0,0,0
4858,0,0,1,0,0
4859,1,0,0,0,0
4861,1,0,0,0,0
4862,1,0,0,0,0
4863,0,1,0,0,0
4615,1,0,0,0,0
4864,1,0,0,0,0
4865,1,0,0,0,0
4866,0,0,1,0,0
4868,1,0,0,0,0
4869,1,0,0,0,0
4870,1,0,0,0,0
4871,0,1,0,0,0
4872,1,0,0,0,0
4873,1,0,0,0,0
4867,1,0,0,0,0
4875,1,0,0,0,0
4876,0,0,1,0,0
4877,0,1,0,0,0
4878,1,0,0,0,0
4822,1,0,0,0,0
4874,1,0,0,0,0
4879,1,0,0,0,0
4880,0,0,1,0,0
4881,1,0,0,0,0
4882,1,0,0,0,0
4883,1,0,0,0,0
4884,1,0,0,0,0
4885,1,0,0,0,0
4815,1,0,0,0,0
4886,1,0,0,0,0
4887,0,1,0,0,0
4890,0,1,0,0,0
4891,1,0,0,0,0
4892,0,1,0,0,0
4893,0,1,0,0,0
4894,1,0,0,0,0
4895,1,0,0,0,0
4896,0,0,1,0,0
4897,1,0,0,0,0
4898,1,0,0,0,0
4899,1,0,0,0,0
4900,1,0,0,0,0
4901,0,1,0,0,0
4888,1,0,0,0,0
2003,1,0,0,0,0
4902,1,0,0,0,0
4903,1,0,0,0,0
4904,1,0,0,0,0
4905,0,0,1,0,0
4906,0,0,1,0,0
4907,0,0,1,0,0
4908,0,1,0,0,0
4909,0,1,0,0,0
4910,1,0,0,0,0
4911,0,1,0,0,0
4912,1,0,0,0,0
4913,1,0,0,0,0
4914,1,0,0,0,0
4915,1,0,0,0,0
4916,0,0,1,0,0
4917,1,0,0,0,0
4918,1,0,0,0,0
4919,1,0,0,0,0
4920,0,1,0,0,0
4921,0,1,0,0,0
4922,1,0,0,0,0
4923,1,0,0,0,0
4924,0,0,1,0,0
4925,1,0,0,0,0
4926,1,0,0,0,0
4927,0,1,0,0,0
4928,1,0,0,0,0
4929,1,0,0,0,0
4930,0,0,1,0,0
4931,1,0,0,0,0
4932,1,0,0,0,0
4933,1,0,0,0,0
4934,0,0,1,0,0
4935,0,1,0,0,0
4936,1,0,0,0,0
4937,1,0,0,0,0
4938,1,0,0,0,0
4939,1,0,0,0,0
4940,0,1,0,0,0
4941,0,1,0,0,0
4943,1,0,0,0,0
4944,1,0,0,0,0
4945,1,0,0,0,0
4946,0,0,1,0,0
4947,1,0,0,0,0
4948,1,0,0,0,0
4949,1,0,0,0,0
4950,0,0,1,0,0
4951,1,0,0,0,0
4952,1,0,0,0,0
4953,0,0,1,0,0
4954,0,1,0,0,0
4808,1,0,0,0,0
4955,0,1,0,0,0
4956,0,0,1,0,0
4958,1,0,0,0,0
4889,0,1,0,0,0
4957,0,0,1,0,0
4959,1,0,0,0,0
4961,1,0,0,0,0
4962,1,0,0,0,0
4963,1,0,0,0,0
4964,0,0,1,0,0
4965,1,0,0,1,1
4966,1,0,0,1,1
4967,0,1,0,1,1
4968,0,1,0,0,0
4969,1,0,0,0,0
4970,1,0,0,0,0
4972,1,0,0,0,0
4973,0,0,1,0,0
4960,1,0,0,0,0
4974,1,0,0,0,0
4975,1,0,0,0,0
4976,1,0,0,0,0
4978,0,0,1,0,0
4971,1,0,0,0,0
4979,1,0,0,0,0
4980,1,0,0,0,0
4981,1,0,0,0,0
4977,1,0,0,0,0
4982,1,0,0,0,0
4983,1,0,0,0,0
4984,1,0,0,0,0
4985,0,1,0,0,0
4986,1,0,0,0,0
4987,1,0,0,0,0
4988,1,0,0,0,0
4989,0,1,0,0,0
4990,0,0,1,0,0
4942,0,1,0,0,0
4991,0,1,0,0,0
4992,0,1,0,0,0
4993,1,0,0,0,0
4994,1,0,0,0,0
4995,1,0,0,0,0
4996,1,0,0,1,1
4997,0,0,1,0,0
4998,0,1,0,0,0
4999,0,1,0,0,0
5000,1,0,0,0,0
5001,0,0,1,0,0
5002,1,0,0,0,0
5003,0,0,1,0,0
5004,1,0,0,0,0
5005,1,0,0,0,0
5006,1,0,0,0,0
5007,0,0,1,0,0
5008,1,0,0,0,0
5009,1,0,0,0,0
5010,1,0,0,0,0
5011,1,0,0,0,0
5012,1,0,0,0,0
5014,0,0,1,0,1
5013,0,1,0,0,0
5015,1,0,0,0,0
5016,1,0,0,0,0
5017,1,0,0,0,0
5018,0,0,1,0,0
5019,1,0,0,0,0
5021,0,1,0,1,1
5022,1,0,0,0,0
5023,1,0,0,0,0
5024,1,0,0,0,0
5025,0,0,1,0,0
3772,0,0,1,0,0
5026,0,1,0,0,0
5027,1,0,0,1,1
5028,0,1,0,0,0
5029,1,0,0,0,0
5030,0,1,0,0,0
5031,1,0,0,0,0
5032,0,1,0,0,0
5033,1,0,0,0,0
5034,1,0,0,0,0
5035,1,0,0,0,0
5037,1,0,0,0,0
5039,1,0,0,0,0
5040,1,0,0,0,0
5036,1,0,0,0,0
5041,0,0,1,0,0
5042,1,0,0,0,0
5020,0,0,1,0,0
5043,1,0,0,0,0
5044,1,0,0,0,0
5045,0,0,1,0,0
5046,1,0,0,0,0
5047,1,0,0,0,0
5048,1,0,0,0,0
5049,0,0,1,0,0
5050,1,0,0,0,0
5052,0,0,1,0,0
5053,1,0,0,0,0
5054,1,0,0,0,0
5055,0,0,1,0,0
5056,0,0,1,0,0
5051,0,0,1,0,0
5057,0,1,0,0,0
5058,1,0,0,0,0
5059,0,0,1,0,0
5060,1,0,0,0,0
5061,0,0,1,0,0
5062,0,1,0,0,0
5063,1,0,0,0,0
5064,1,0,0,0,0
5066,1,0,0,1,1
5067,0,0,1,1,1
5068,1,0,0,1,1
5069,1,0,0,1,1
5070,1,0,0,1,1
5071,1,0,0,1,1
5072,0,0,1,1,1
5073,1,0,0,0,0
5074,0,0,1,0,0
5075,0,1,0,0,0
5076,1,0,0,0,0
5077,1,0,0,1,1
5078,1,0,0,0,0
5079,0,0,1,0,0
5080,1,0,0,0,0
5081,0,0,1,0,0
5082,1,0,0,0,0
5084,1,0,0,0,0
5085,1,0,0,0,0
5086,0,1,0,0,0
5087,1,0,0,0,0
5038,0,1,0,0,0
5088,0,0,1,0,0
5089,1,0,0,0,0
5090,0,0,1,0,0
5091,0,1,0,0,0
5092,0,0,1,0,0
5093,1,0,0,0,0
5094,0,1,0,0,0
5095,1,0,0,0,0
5096,1,0,0,0,0
5097,1,0,0,0,0
5098,1,0,0,0,0
5099,1,0,0,0,0
4860,1,0,0,0,0
5100,1,0,0,0,0
5101,1,0,0,0,0
5104,1,0,0,0,0
5105,0,0,1,0,0
5106,0,1,0,1,1
5108,1,0,0,1,1
5109,0,1,0,1,1
5110,1,0,0,1,1
5111,0,0,1,1,1
5112,1,0,0,1,1
5113,1,0,0,1,1
5083,0,0,1,1,1
5115,0,1,0,0,0
5117,1,0,0,0,0
5118,0,1,0,0,0
5119,0,1,0,0,0
5120,0,1,0,0,0
5121,1,0,0,0,0
5122,0,0,1,0,0
5123,1,0,0,0,0
5124,0,0,1,0,0
5125,1,0,0,0,0
5126,1,0,0,0,0
5127,1,0,0,0,0
5128,1,0,0,0,0
5130,0,1,0,0,0
5131,1,0,0,0,0
5103,1,0,0,0,0
5132,1,0,0,0,0
5133,0,1,0,0,0
5129,1,0,0,0,0
5134,0,1,0,0,0
5135,1,0,0,0,0
5136,1,0,0,0,0
5137,0,0,1,0,0
5138,1,0,0,0,0
5139,1,0,0,0,0
5140,1,0,0,0,0
5141,1,0,0,0,0
5142,1,0,0,0,0
5143,0,0,1,0,0
5144,1,0,0,0,0
5145,1,0,0,0,0
5146,0,0,1,0,0
5147,0,1,0,1,1
5148,0,1,0,1,1
5149,0,1,0,1,1
5150,0,0,1,1,1
5152,1,0,0,0,0
5153,1,0,0,1,1
5154,1,0,0,1,1
5155,0,1,0,0,0
5156,1,0,0,0,0
5157,1,0,0,0,0
5158,1,0,0,0,0
5159,1,0,0,1,1
5160,1,0,0,1,1
5161,1,0,0,1,1
5162,0,1,0,0,0
5163,0,0,1,0,0
5164,1,0,0,1,1
5165,0,1,0,0,0
5166,0,0,1,1,1
5167,0,0,1,1,1
5168,1,0,0,1,1
5170,1,0,0,1,1
5171,0,1,0,1,1
5172,1,0,0,1,1
5173,0,1,0,1,1
5174,1,0,0,1,1
5169,1,0,0,1,1
5116,1,0,0,1,1
5114,1,0,0,1,1
5107,1,0,0,1,1
5175,1,0,0,0,0
5176,0,0,1,1,1
5177,1,0,0,1,1
5178,0,1,0,0,0
5179,1,0,0,0,0
5180,0,1,0,0,0
5181,0,1,0,1,1
5182,1,0,0,1,1
5183,1,0,0,0,0
5184,1,0,0,0,0
5185,0,0,1,1,1
5186,1,0,0,0,0
5187,1,0,0,0,0
5188,1,0,0,0,0
5189,1,0,0,1,1
5190,1,0,0,1,1
5191,1,0,0,1,1
5192,0,0,1,0,0
5194,0,1,0,0,0
5195,1,0,0,0,0
5196,1,0,0,1,1
5193,1,0,0,1,1
5197,1,0,0,1,1
5198,1,0,0,1,1
5199,1,0,0,0,0
5200,1,0,0,1,1
5201,1,0,0,1,1
5202,1,0,0,1,1
5203,1,0,0,1,1
5204,0,1,0,1,1
5205,1,0,0,1,1
5206,1,0,0,0,0
5207,1,0,0,1,1
5208,0,0,1,0,0
5209,1,0,0,1,1
5210,1,0,0,1,1
5211,1,0,0,0,0
5212,1,0,0,0,0
5213,0,1,0,0,0
5214,1,0,0,0,0
5215,0,1,0,0,0
5216,0,1,0,0,0
5217,1,0,0,0,0
5218,1,0,0,0,0
5219,1,0,0,0,0
5220,1,0,0,0,0
5222,0,1,0,1,1
5223,0,1,0,1,1
5224,0,1,0,0,0
5225,0,1,0,1,1
5226,0,1,0,0,0
5228,0,1,0,0,0
5230,1,0,0,1,1
5231,1,0,0,0,0
5232,0,0,1,0,0
5233,1,0,0,0,0
5234,1,0,0,0,0
5235,1,0,0,0,0
5236,1,0,0,0,0
5237,1,0,0,0,0
5238,1,0,0,0,0
5239,0,0,1,0,0
5240,1,0,0,0,0
5227,1,0,0,0,0
5241,0,0,1,0,0
5242,1,0,0,0,0
5243,0,1,0,0,0
5244,0,0,1,0,0
5245,0,0,1,0,0
5229,0,0,1,0,0
5247,0,0,1,0,0
5248,1,0,0,0,0
5246,1,0,0,0,0
5249,1,0,0,0,0
5250,1,0,0,0,0
5251,1,0,0,0,0
5252,0,1,0,0,0
5254,1,0,0,0,0
5255,1,0,0,0,0
5256,1,0,0,0,0
5221,0,0,1,0,0
5257,1,0,0,0,0
5258,1,0,0,0,0
5260,0,0,1,0,0
5261,0,0,1,0,0
5262,1,0,0,0,0
5263,1,0,0,0,0
5264,0,1,0,0,0
5151,0,1,0,0,0
5265,0,1,0,0,0
5267,1,0,0,0,0
5268,1,0,0,0,0
5269,0,0,1,0,0
5270,0,1,0,0,0
5271,1,0,0,0,0
5272,1,0,0,0,0
5273,0,1,0,0,0
5274,1,0,0,0,0
5275,1,0,0,0,0
5276,1,0,0,0,0
5277,1,0,0,0,0
5278,1,0,0,0,0
5279,1,0,0,0,0
5280,1,0,0,0,0
5281,0,0,1,0,0
5282,1,0,0,0,0
5283,1,0,0,0,0
5284,0,0,1,0,0
5285,1,0,0,0,0
5286,1,0,0,0,0
5288,0,1,0,0,0
5289,1,0,0,0,0
5290,1,0,0,0,0
5291,0,1,0,0,0
5287,0,1,0,0,0
5292,1,0,0,0,0
5293,0,1,0,0,0
5294,1,0,0,0,0
5295,1,0,0,0,0
5296,0,1,0,0,0
5297,0,1,0,0,0
5298,1,0,0,0,0
5299,1,0,0,0,0
5300,1,0,0,0,0
5301,1,0,0,0,0
5302,1,0,0,0,0
5303,1,0,0,0,0
5304,1,0,0,0,0
5305,0,0,1,0,0
5259,0,0,1,0,0
5307,1,0,0,0,0
5308,1,0,0,0,0
5306,1,0,0,0,0
5310,1,0,0,0,0
5312,1,0,0,0,0
5313,0,1,0,0,0
5314,0,0,1,0,0
5315,0,0,1,0,0
5317,0,0,1,0,0
5318,0,1,0,0,0
5319,0,0,1,0,0
5320,1,0,0,0,0
5321,1,0,0,0,0
5322,1,0,0,0,0
5323,1,0,0,0,0
5324,1,0,0,0,0
5325,1,0,0,0,0
5326,1,0,0,0,0
5327,1,0,0,0,0
5328,0,0,1,0,0
5329,1,0,0,0,0
5330,0,0,1,0,0
5331,0,1,0,0,0
5332,1,0,0,0,0
5333,1,0,0,0,0
5334,1,0,0,0,0
5335,1,0,0,0,0
5336,1,0,0,0,0
5337,1,0,0,0,0
5338,0,1,0,0,0
5309,1,0,0,0,0
5340,0,0,1,0,0
5341,1,0,0,0,0
5342,1,0,0,0,0
5343,1,0,0,0,0
5344,1,0,0,0,0
5345,0,0,1,0,0
5339,1,0,0,0,0
5346,1,0,0,0,0
5348,1,0,0,0,0
5349,1,0,0,0,0
5350,1,0,0,0,0
5351,0,0,1,0,0
5352,1,0,0,0,0
5353,1,0,0,0,0
5354,1,0,0,0,0
5355,0,0,1,0,0
5065,1,0,0,0,0
5356,0,1,0,0,0
5357,1,0,0,0,0
5316,1,0,0,0,0
5358,1,0,0,0,0
5359,1,0,0,0,0
5360,1,0,0,0,0
5361,1,0,0,0,0
5363,1,0,0,0,0
5364,1,0,0,0,0
5365,1,0,0,0,0
5366,1,0,0,0,0
5367,1,0,0,0,0
5368,0,0,1,0,0
5369,1,0,0,0,0
5370,1,0,0,0,0
5371,0,1,0,0,0
5373,1,0,0,0,0
5374,0,0,1,0,0
5375,1,0,0,0,0
5376,0,0,1,0,0
5377,1,0,0,0,0
5378,1,0,0,0,0
5379,1,0,0,0,0
5380,0,1,0,0,0
5381,0,1,0,0,0
5382,1,0,0,0,0
5372,1,0,0,0,0
5383,1,0,0,0,0
5384,1,0,0,0,0
5385,0,1,0,0,0
5388,0,0,1,0,0
5386,0,1,0,0,0
5387,0,0,1,0,0
5389,0,1,0,0,0
5390,0,1,0,0,0
5391,0,0,1,0,0
5392,1,0,0,0,0
5393,1,0,0,0,0
5394,1,0,0,0,0
5395,1,0,0,0,0
5347,0,0,1,0,0
5397,1,0,0,0,0
5398,1,0,0,0,0
5396,0,0,1,0,0
5399,1,0,0,0,0
5362,0,1,0,0,0
5400,0,0,1,0,0
5401,1,0,0,0,0
5402,1,0,0,0,0
5404,1,0,0,0,0
5405,1,0,0,0,0
5406,1,0,0,0,0
5407,0,0,1,0,0
5403,1,0,0,0,0
5408,0,0,1,0,0
5409,0,0,1,0,0
5410,0,1,0,0,0
5411,1,0,0,0,0
5412,1,0,0,0,0
5414,1,0,0,0,0
5415,1,0,0,0,0
5416,0,0,1,0,0
5417,0,0,1,0,0
5419,0,1,0,0,0
5420,0,1,0,0,0
5421,0,0,1,0,0
5422,0,0,1,0,0
5423,0,1,0,0,0
5424,0,1,0,0,0
5426,1,0,0,0,0
5427,0,1,0,0,0
5428,1,0,0,0,0
5429,0,0,1,0,0
5430,0,1,0,0,0
5431,1,0,0,0,0
5432,1,0,0,0,0
5418,1,0,0,0,0
5433,1,0,0,0,0
5435,0,0,1,0,0
5253,1,0,0,0,0
5436,1,0,0,0,0
5437,1,0,0,0,0
5425,1,0,0,0,0
5438,0,1,0,0,0
5439,1,0,0,0,0
5440,1,0,0,0,0
5441,1,0,0,0,0
5442,0,1,0,0,0
5443,1,0,0,0,0
5434,1,0,0,0,0
5444,0,1,0,0,0
5445,1,0,0,0,0
5446,0,1,0,0,0
5447,1,0,0,0,0
5448,1,0,0,0,0
5449,1,0,0,0,0
5451,0,1,0,0,0
5452,1,0,0,0,0
5453,1,0,0,0,0
5454,1,0,0,0,0
5455,1,0,0,0,0
5456,1,0,0,0,0
5457,1,0,0,0,0
5458,1,0,0,0,0
5459,1,0,0,0,0
5460,1,0,0,0,0
5461,1,0,0,0,0
5463,0,1,0,0,0
5462,1,0,0,0,0
5413,0,0,1,0,0
5464,1,0,0,0,0
5465,1,0,0,0,0
5466,1,0,0,0,0
5467,1,0,0,0,0
5468,0,0,1,0,0
5469,1,0,0,0,0
5470,1,0,0,0,0
5471,1,0,0,0,0
5472,0,1,0,0,0
5311,1,0,0,0,0
5473,1,0,0,0,0
5474,0,0,1,0,0
5475,1,0,0,0,0
5476,1,0,0,0,0
5477,1,0,0,0,0
5478,1,0,0,0,0
5479,1,0,0,0,0
5480,1,0,0,0,0
5481,1,0,0,0,0
5450,1,0,0,0,0
5482,1,0,0,0,0
5483,0,1,0,0,0
5484,1,0,0,0,0
5485,0,1,0,0,0
5486,1,0,0,0,0
5487,1,0,0,0,0
5488,0,1,0,0,0
5489,1,0,0,0,0
5490,1,0,0,0,0
5491,1,0,0,0,0
5492,1,0,0,0,0
5494,1,0,0,0,0
5495,1,0,0,0,0
4811,0,0,1,0,0
5496,1,0,0,0,0
5497,1,0,0,0,0
5498,1,0,0,0,0
5499,1,0,0,0,0
5500,1,0,0,0,0
5501,0,0,1,0,0
5502,1,0,0,0,0
5503,0,1,0,0,0
5504,0,0,1,0,0
5505,1,0,0,0,0
5506,1,0,0,0,0
5508,1,0,0,0,0
5510,0,1,0,0,0
5511,0,0,1,0,0
5512,1,0,0,0,0
5513,1,0,0,0,0
5515,0,0,1,0,0
5516,1,0,0,0,0
5517,1,0,0,0,0
5518,0,1,0,0,0
5519,0,0,1,0,0
5522,1,0,0,0,0
5521,1,0,0,0,0
5523,0,1,0,0,0
5525,0,0,1,0,0
5526,0,0,1,0,0
5527,0,0,1,0,0
5528,1,0,0,0,0
5514,1,0,0,0,0
5530,1,0,0,0,0
5531,1,0,0,0,0
5532,1,0,0,0,0
5533,0,1,0,0,0
5534,1,0,0,0,0
5536,1,0,0,0,0
5537,0,1,0,0,0
5538,0,1,0,0,0
5539,1,0,0,0,0
5540,1,0,0,0,0
5541,1,0,0,0,0
5542,1,0,0,0,0
5544,1,0,0,0,0
5543,1,0,0,0,0
5546,1,0,0,0,0
5529,0,1,0,0,0
5547,1,0,0,0,0
5548,0,1,0,0,0
5549,1,0,0,0,0
5550,1,0,0,0,0
5551,0,1,0,0,0
5552,1,0,0,0,0
5553,0,0,1,0,0
5554,0,1,0,0,0
5555,0,0,1,0,0
5556,1,0,0,0,0
5557,1,0,0,0,0
5558,1,0,0,0,0
5559,0,1,0,0,0
5560,1,0,0,0,0
5561,0,1,0,0,0
5563,1,0,0,0,0
5564,1,0,0,0,0
5566,1,0,0,0,0
5567,1,0,0,0,0
5568,1,0,0,0,0
5524,0,0,1,0,0
5569,0,1,0,0,0
5570,0,1,0,0,0
5573,0,1,0,0,0
5574,0,1,0,0,0
5575,0,0,1,0,0
5576,1,0,0,0,0
5577,1,0,0,0,0
5579,1,0,0,0,0
5580,1,0,0,0,0
5581,0,0,1,0,0
5582,0,1,0,0,0
5583,1,0,0,0,0
5585,0,1,0,0,0
5586,1,0,0,0,0
5587,1,0,0,0,0
5588,0,1,0,0,0
5589,0,0,1,0,0
5590,1,0,0,0,0
5591,1,0,0,0,0
5592,0,0,1,0,0
5593,0,1,0,0,0
5594,1,0,0,0,0
5596,1,0,0,0,0
5597,0,0,1,0,0
5598,1,0,0,0,0
5599,1,0,0,0,0
5507,0,0,1,0,0
5595,0,0,1,0,0
5601,0,1,0,0,0
5600,1,0,0,0,0
5603,1,0,0,0,0
5604,1,0,0,0,0
5607,0,0,1,0,0
5609,1,0,0,0,0
5610,1,0,0,0,0
5571,1,0,0,0,0
5611,0,0,1,0,0
5608,1,0,0,0,0
5612,0,0,1,0,0
5614,1,0,0,0,0
5615,1,0,0,0,0
5616,0,0,1,0,0
5617,1,0,0,0,0
5618,1,0,0,0,0
5619,0,1,0,0,0
5622,0,1,0,0,0
5623,1,0,0,0,0
5624,1,0,0,0,0
5625,1,0,0,0,0
5626,1,0,0,0,0
5627,1,0,0,0,0
5606,1,0,0,0,0
5602,1,0,0,0,0
5631,1,0,0,0,0
5630,1,0,0,0,0
5633,1,0,0,0,0
5634,1,0,0,0,0
5635,0,0,1,0,0
5632,0,0,1,0,0
5636,1,0,0,0,0
5613,1,0,0,0,0
5638,0,0,1,0,0
5639,0,0,1,0,0
5640,1,0,0,0,0
5641,0,0,1,0,0
5643,1,0,0,0,0
5644,1,0,0,0,0
5645,1,0,0,0,0
5646,1,0,0,0,0
5648,0,0,1,0,0
5649,1,0,0,0,0
5650,1,0,0,0,0
5647,1,0,0,0,0
5652,1,0,0,0,0
5653,0,1,0,0,0
5654,0,1,0,0,0
5655,1,0,0,0,0
5656,0,0,1,0,0
5657,1,0,0,0,0
5658,1,0,0,0,0
5659,0,1,0,0,0
5660,1,0,0,0,0
5661,1,0,0,0,0
5662,0,0,1,0,0
5663,1,0,0,0,0
5664,1,0,0,0,0
5665,0,0,1,0,0
5666,0,0,1,0,0
5667,1,0,0,0,0
5668,1,0,0,0,0
5669,1,0,0,0,0
5670,1,0,0,0,0
5672,1,0,0,0,0
5673,1,0,0,0,0
5674,1,0,0,0,0
5675,1,0,0,0,0
5676,1,0,0,0,0
5565,1,0,0,0,0
5678,1,0,0,0,0
5679,1,0,0,0,0
5680,1,0,0,0,0
5682,1,0,0,0,0
5683,1,0,0,0,0
5685,1,0,0,0,0
5686,1,0,0,0,0
5687,1,0,0,0,0
5642,1,0,0,0,0
5688,1,0,0,0,0
5689,1,0,0,0,0
5691,1,0,0,0,0
5692,1,0,0,0,0
5694,1,0,0,0,0
5695,1,0,0,0,0
5677,1,0,0,0,0
5578,0,1,0,0,0
5698,0,1,0,0,0
5700,1,0,0,0,0
5703,1,0,0,0,0
5704,1,0,0,0,0
5699,1,0,0,0,0
5706,1,0,0,0,0
5705,1,0,0,0,0
5684,0,1,0,0,0
5545,1,0,0,0,0
5707,0,1,0,0,0
5708,1,0,0,0,0
5709,0,1,0,1,1
5710,1,0,0,0,0
5711,1,0,0,0,0
5712,0,0,1,0,0
5713,0,1,0,0,0
5714,1,0,0,0,0
5715,1,0,0,0,0
5701,1,0,0,0,0
5717,1,0,0,0,0
5718,0,0,1,0,0
5719,1,0,0,0,0
5720,1,0,0,0,0
5721,1,0,0,0,0
5722,0,0,1,0,0
5723,0,0,1,0,0
5724,0,0,1,0,0
5725,1,0,0,0,0
5726,1,0,0,0,0
5729,1,0,0,0,0
5730,1,0,0,0,0
5731,1,0,0,0,0
5732,0,1,0,0,0
5733,1,0,0,0,0
5520,0,1,0,0,0
5736,1,0,0,0,0
5737,1,0,0,0,0
5738,1,0,0,0,0
5739,1,0,0,0,0
5740,1,0,0,0,0
5741,1,0,0,0,0
5742,1,0,0,0,0
5744,1,0,0,0,0
5743,1,0,0,0,0
5702,1,0,0,0,0
5745,1,0,0,0,0
5746,1,0,0,0,0
5747,0,0,1,0,0
5748,1,0,0,0,0
5749,1,0,0,0,0
5750,0,1,0,0,0
5752,1,0,0,0,0
5753,1,0,0,0,0
5755,1,0,0,0,0
5756,1,0,0,0,0
5754,1,0,0,0,0
5757,1,0,0,0,0
5759,0,0,1,0,0
5760,0,0,1,0,0
5761,0,1,0,0,0
5762,0,1,0,0,0
5763,0,1,0,0,0
5764,0,0,1,0,0
5765,1,0,0,0,0
5767,1,0,0,0,0
5768,1,0,0,0,0
5693,1,0,0,0,0
5770,0,1,0,0,0
5772,1,0,0,0,0
5773,0,0,1,0,0
5774,1,0,0,0,0
5681,1,0,0,0,0
5775,1,0,0,0,0
5776,1,0,0,0,0
5777,1,0,0,0,0
5778,1,0,0,0,0
5766,0,0,1,0,0
5779,1,0,0,0,0
5780,1,0,0,0,0
5781,1,0,0,0,0
5782,1,0,0,0,0
5783,1,0,0,0,0
5784,0,1,0,0,0
5785,1,0,0,0,0
5786,1,0,0,0,0
5788,1,0,0,0,0
5789,0,0,1,0,0
5790,0,0,1,0,0
5791,1,0,0,0,0
5792,0,1,0,0,0
5795,0,0,1,0,0
5796,0,0,1,0,0
5797,0,1,0,0,0
5798,0,1,0,0,0
5799,0,1,0,0,0
5800,1,0,0,0,0
5801,1,0,0,0,0
5793,1,0,0,0,0
5802,1,0,0,0,0
5803,0,0,1,0,0
5804,1,0,0,0,0
5805,0,0,1,0,0
5806,1,0,0,0,0
5807,1,0,0,0,0
5808,1,0,0,0,0
5809,0,0,1,0,0
5769,1,0,0,0,0
5810,1,0,0,0,0
5813,1,0,0,0,0
5815,0,0,1,0,0
5816,0,0,1,0,0
5814,1,0,0,0,0
5818,1,0,0,0,0
5819,0,1,0,0,0
5629,1,0,0,0,0
5820,0,0,1,0,0
5811,1,0,0,0,0
5822,0,1,0,0,0
5823,1,0,0,0,0
5821,0,1,0,0,0
5824,1,0,0,0,0
5825,1,0,0,0,0
5826,1,0,0,0,0
5827,1,0,0,0,0
5828,1,0,0,0,0
5829,0,0,1,0,0
5605,0,0,1,0,0
5830,1,0,0,0,0
5832,1,0,0,0,0
5833,1,0,0,0,0
5835,1,0,0,0,0
5836,0,1,0,0,0
5837,0,0,1,0,0
5838,0,0,1,0,0
5839,1,0,0,0,0
5840,1,0,0,0,0
5843,1,0,0,0,0
5844,1,0,0,0,0
5845,0,0,1,0,0
5846,1,0,0,0,0
5847,1,0,0,0,0
5848,1,0,0,0,0
5849,0,0,1,0,0
5831,1,0,0,0,0
5850,1,0,0,0,0
5851,1,0,0,0,0
5852,0,1,0,0,0
5853,1,0,0,0,0
5854,0,1,0,0,0
5855,1,0,0,0,0
5817,1,0,0,0,0
5856,0,0,1,0,0
5857,0,0,1,0,0
5858,0,0,1,0,0
5859,1,0,0,0,0
5860,1,0,0,0,0
5861,0,0,1,0,0
5862,0,1,0,0,0
5863,1,0,0,0,0
5864,0,1,0,0,0
5866,0,1,0,0,0
5867,1,0,0,0,0
5868,1,0,0,0,0
5869,1,0,0,0,0
5870,0,0,1,0,0
5871,1,0,0,0,0
5872,1,0,0,0,0
5873,0,0,1,0,0
5874,1,0,0,0,0
5875,1,0,0,0,0
5876,1,0,0,0,0
5877,0,0,1,0,0
5878,0,1,0,0,0
5879,0,1,0,0,0
5880,1,0,0,0,0
5881,1,0,0,0,0
5882,1,0,0,0,0
5883,1,0,0,0,0
5884,1,0,0,0,0
5885,1,0,0,0,0
5886,0,1,0,0,0
5887,1,0,0,0,0
5888,0,0,1,0,0
5891,1,0,0,0,0
5892,1,0,0,0,0
5889,1,0,0,0,0
5893,1,0,0,0,0
5894,1,0,0,0,0
5895,1,0,0,0,0
5896,0,1,0,0,0
5897,1,0,0,0,0
5898,1,0,0,0,0
5900,0,0,1,0,0
5899,1,0,0,0,0
5901,1,0,0,0,0
5890,1,0,0,0,0
5902,0,1,0,0,0
5903,1,0,0,0,0
5904,0,1,0,0,0
5907,0,1,0,0,0
5908,1,0,0,0,0
5906,1,0,0,0,0
5909,1,0,0,0,0
5910,1,0,0,0,0
5911,0,1,0,0,0
5912,1,0,0,0,0
5913,0,1,0,0,0
5914,1,0,0,0,0
5915,1,0,0,0,0
5916,1,0,0,0,0
5917,1,0,0,0,0
5918,1,0,0,0,0
5919,1,0,0,0,0
5920,1,0,0,0,0
5922,1,0,0,0,0
5921,1,0,0,0,0
5923,1,0,0,0,0
5924,0,0,1,0,0
5925,1,0,0,0,0
5926,0,0,1,0,0
5927,0,1,0,0,0
5928,1,0,0,0,0
5929,1,0,0,0,1
5905,0,0,1,0,0
5930,1,0,0,0,0
5931,0,1,0,0,0
5932,0,1,0,0,0
5933,0,0,1,0,0
5934,0,0,1,0,0
5935,1,0,0,0,0
5937,0,1,0,0,0
5938,1,0,0,0,0
5939,1,0,0,0,0
5940,1,0,0,0,0
5941,0,1,0,0,0
5942,1,0,0,0,0
5943,1,0,0,0,0
5944,1,0,0,0,0
5945,0,0,1,0,0
5946,1,0,0,0,0
5947,1,0,0,0,0
5948,0,0,1,0,0
5950,0,1,0,0,0
5951,1,0,0,0,0
5949,1,0,0,0,0
5954,1,0,0,0,0
5955,1,0,0,0,0
5957,0,0,1,0,0
5952,1,0,0,0,0
5958,0,1,0,0,0
5959,1,0,0,0,0
5961,0,0,1,0,0
5962,0,0,1,0,0
5963,1,0,0,0,0
5953,1,0,0,0,0
5964,1,0,0,0,0
5966,1,0,0,0,0
5936,1,0,0,0,0
5967,1,0,0,0,0
5968,0,0,1,0,0
3992,0,0,1,0,0
5965,1,0,0,0,0
5969,1,0,0,0,0
5970,1,0,0,0,0
5971,1,0,0,0,0
5960,1,0,0,0,0
5972,0,1,0,0,0
5973,0,1,0,0,0
5974,1,0,0,0,0
5975,0,1,0,0,0
5976,1,0,0,0,0
5977,1,0,0,0,0
5978,1,0,0,0,0
5979,1,0,0,0,0
5980,1,0,0,0,0
5981,1,0,0,0,0
5982,0,1,0,0,0
5983,0,1,0,0,0
5984,0,0,1,0,0
5985,1,0,0,0,0
5986,1,0,0,0,0
5987,1,0,0,0,0
5988,0,1,0,0,0
5989,0,1,0,0,0
5956,1,0,0,0,0
5990,1,0,0,0,0
5991,1,0,0,0,0
5993,1,0,0,0,0
5994,0,0,1,0,0
5995,0,0,1,0,0
5996,1,0,0,0,0
5992,1,0,0,0,0
5997,1,0,0,0,0
5998,1,0,0,0,0
5999,1,0,0,0,0
6000,0,1,0,0,0
6002,1,0,0,0,0
6003,1,0,0,0,0
6004,1,0,0,0,0
6005,1,0,0,0,0
